Ticker,Price,Beta
AAPL,134.32,1.025657
MSFT,261.15,0.892954
AMZN,3340.88,0.715514
FB,301.13,0.980711
GOOGL,2299.93,0.916476
GOOG,2315.3,0.915315
TSLA,729.4,1.628991
BRK/B,271.98,0.877531
JPM,150.19,1.136347
JNJ,165.52,0.727779
V,230,1.033992
UNH,400.31,1.162228
NVDA,610.61,1.144863
HD,323.89,1.171461
MA,387.06,1.181582
DIS,183.02,1.047488
PG,133.94,0.726629
PYPL,266.03,1.084375
BAC,39.18,1.224621
INTC,59.24,0.971815
CMCSA,54.39,0.883076
ADBE,515.84,0.870592
VZ,57.3,0.618658
XOM,55.57,1.092598
NFLX,505.55,0.760048
T,31.4,0.879033
CSCO,51.91,0.848565
ABT,123.31,0.850202
PFE,38.66,0.743159
CRM,233.51,0.988632
KO,54.47,0.999314
PEP,145.83,0.880069
MRK,77.88,0.656035
CVX,101.55,1.179575
ABBV,111.38,0.858376
WMT,139.9,0.551537
TMO,488.09,0.807546
AVGO,466.13,1.109599
ACN,291.74,0.963322
WFC,43.86,1.239997
MDT,131.2,1.063843
MCD,234.58,0.91091
TXN,188.82,0.909951
COST,373.28,0.697769
NKE,130.19,1.089867
DHR,259.78,0.835755
HON,224.5,1.194334
QCOM,135.43,1.066171
NEE,78.24,0.978437
LIN,291.6,1.106888
BMY,66.01,0.808693
LLY,188.72,0.722439
AMGN,257.03,0.727744
LOW,200.93,1.343376
UNP,223.54,1.052682
C,71.38,1.442609
PM,94.61,0.925446
ORCL,74.97,0.726718
SBUX,117.56,1.081525
BA,238.38,2.105236
UPS,178.96,0.858595
IBM,142.43,0.993519
CAT,230.11,0.929841
AMAT,134.86,1.37249
RTX,80.54,1.398582
MS,80.95,1.292088
GE,13.55,1.161101
MMM,202.2,0.856476
GS,339.35,1.276969
DE,376.27,1.164089
BLK,813.17,1.161167
AMT,254.04,0.90761
INTU,414.92,1.12212
NOW,552.7,0.889167
TGT,206.01,0.713503
ISRG,875.53,1.198936
CVS,76.05,0.961507
SCHW,67.14,0.957879
BKNG,2395.43,1.215043
AMD,82.76,1.181937
AXP,144.33,1.422545
SQ,246.43,1.775879
MU,86.03,1.184741
FIS,153.01,1.03617
LMT,377.29,0.947993
CHTR,657.54,0.911457
SPGI,388.14,0.988723
ANTM,381.95,1.245464
CI,251.8,1.168555
LRCX,627.49,1.486449
SYK,267,1.1907
MO,47.39,0.885831
PLD,114.87,1.185021
MDLZ,59.51,0.822952
ADP,195.86,1.041689
TJX,70.39,1.308944
UBER,57.93,1.473081
GILD,65.48,0.495171
ZTS,170.54,0.937632
CCI,187.18,0.869864
CSX,103.11,1.02372
DUK,99.85,0.975876
USB,57.23,1.136194
TMUS,133.32,0.865676
TFC,57.62,1.290797
CB,169.26,1.10255
BDX,255.85,0.587766
CME,207.31,0.833035
PNC,178.04,1.190882
ATVI,93.02,0.764729
GM,57.53,1.467268
EL,313.79,1.009658
FISV,126.02,1.054422
NSC,282,1.059496
CL,79.79,0.702631
SO,65.33,1.082254
FDX,277.74,1.010327
ZM,336.88,0.45943
ICE,121.27,0.820412
COP,49.72,1.140785
ITW,228.52,1.067239
SHW,273.92,1.019973
MMC,127.67,1.004738
EQIX,718.11,0.877967
D,79.38,0.872457
GPN,216.92,1.316644
ADSK,295.27,0.965762
APD,290.3,0.915632
COF,135.68,1.645332
BSX,42.73,1.136133
EW,97.45,1.070895
TWLO,384.64,1.074817
ILMN,414.97,0.82589
PGR,100.76,0.776071
ADI,159.02,1.047834
HUM,448.64,1.246521
BX,87.22,1.228812
VRTX,217.9,0.640613
ETN,142.97,1.197778
EMR,92.46,1.079424
ECL,226.78,1.146508
NXPI,201.56,1.323885
HCA,202.5,1.45085
NOC,342.04,0.79225
SNAP,61.3,1.206363
DG,213.31,0.673155
MCO,327.73,1.100466
WM,135.5,0.817429
NEM,65.72,0.748706
AON,230.89,1.082794
REGN,488.64,0.622487
MRNA,173.63,0.102553
TWTR,67.02,1.168728
KLAC,332.07,1.273496
FCX,36.54,1.56714
KMB,132.11,0.708247
IDXX,559.1,1.063751
WDAY,254.8,1.124594
MET,62.79,1.436339
F,12.22,1.353567
ROP,434.22,0.869409
DOW,62.11,1.133829
ROST,128.82,1.42218
JCI,62.9,1.112481
BAX,87.87,0.700622
EXC,44.91,1.156852
ALGN,620.12,1.441955
TEL,134.72,1.259184
AEP,87.7,0.993196
LHX,211.02,0.977892
GD,186.48,1.169047
IQV,232.3,1.245257
HPQ,34.42,1.214179
SYY,82.64,1.611057
PSA,276.77,0.824132
CTSH,78.69,1.060078
DLR,149.04,0.724095
SRE,137.07,1.090723
CMG,1468.53,1.082992
TT,175.33,1.154126
DD,76.81,1.163948
DOCU,224.84,0.762139
CRWD,219.3,0.696106
APH,68.8,1.109751
MCHP,156.38,1.39222
EA,143.14,0.702409
A,136.68,0.879772
PPG,174.65,1.093734
LULU,340.98,1.130585
STZ,240.58,1.331278
PH,318.12,1.392579
AIG,47.34,1.577961
DXCM,415,1.046301
EOG,69.06,1.116351
INFO,106.81,1.019767
TROW,178.56,1.045414
MAR,148.36,1.486499
TRV,157.84,1.108231
BIIB,262.63,0.859463
EBAY,60.91,1.049027
ROKU,356.87,1.20535
CDNS,142.08,0.982128
MSCI,486.5,0.930087
XEL,71.08,0.982484
CMI,262.47,0.987335
PINS,74.99,1.22569
PRU,98.5,1.450003
SPG,116.92,1.814382
GIS,61.26,0.483608
VEEV,280.63,0.743812
ALL,125.05,1.100308
CNC,65.37,1.110471
APTV,144.89,1.58276
BK,47.6,1.06765
SNPS,251.45,1.030312
WBA,53.02,0.801604
ORLY,532.61,1.016942
ZBH,177.62,1.18033
ALXN,166.92,0.76613
LUV,61.53,1.298313
MNST,98.68,0.993016
CSGP,933.73,0.971691
MRVL,46.1,1.200908
IFF,144.54,1.073027
CTVA,48.63,0.94495
GLW,46.25,1.200176
SLB,25.71,1.246896
YUM,117.72,1.21326
HLT,127.4,1.290299
PANW,358.42,1.051541
MPC,53,1.621102
LBRDK,159.63,0.971653
AFL,53.37,1.328059
OKTA,279.3,0.698517
SWK,209.09,1.375866
AZO,1471.35,1.077577
ADM,59.41,0.964495
PSX,76.49,1.150233
TDG,595.33,1.448421
SBAC,296.49,0.880653
KMI,16.78,1.089812
PAYX,99.23,1.121678
MSI,189.98,0.945505
ANSS,371.73,0.970759
PCAR,93.35,1.012485
PEG,62.94,1.083343
WELL,75.44,1.497241
AME,135.01,1.108224
MCK,196.1,0.897992
CTAS,353.72,1.168169
VRSK,188.88,0.89526
BLL,93.98,1.011586
FRC,179.12,1.064995
XLNX,129.66,0.881276
MTD,1335.15,0.946933
ROK,269.06,1.143564
PXD,146.45,1.108117
WEC,96.79,0.96163
ES,88.17,1.047852
DFS,102.84,2.002359
TTD,726.49,1.568045
DHI,98.21,1.267958
RMD,209.3,0.94533
SWKS,190.92,1.163656
WLTW,232.89,1.055726
AWK,159.36,1.035423
FAST,52.18,0.961388
KKR,55.1,1.335545
DAL,45.8,1.745373
WY,38.2,1.594331
KR,37.35,0.349779
WMB,23.61,1.191975
SIVB,564.22,1.260915
VLO,70.18,1.444217
LEN,101.86,1.431001
CBRE,82.9,1.380903
VFC,88.38,1.222088
FTNT,201.76,0.911988
STT,81.11,1.142476
KSU,301.62,1.076933
AMP,249.14,1.382742
AVB,193.88,1.316872
DLTR,115.56,0.772599
BBY,117.74,1.25576
DTE,137.83,1.117986
EFX,229.72,1.168553
KEYS,147.86,0.787535
KHC,40.41,0.842892
AJG,137.94,0.997826
USD,125.2,1.688543
RNG,322.53,0.714784
ED,77.45,0.787787
ETSY,214.59,1.477031
ZBRA,497.41,0.994437
LYB,104.41,1.403961
LH,263.95,1.198333
FITB,38.34,1.588521
O,69.4,1.306564
EQR,74.58,1.224202
CDW,182.61,1.316503
EPAM,458.15,0.983428
MXIM,96.19,0.992445
CPRT,124.68,1.161528
FTV,73.96,1.113836
ODFL,257.76,0.982595
EXPE,177.56,1.625085
VIAC,41.71,1.334066
WST,323.68,0.757365
FLT,291.37,1.149581
DELL,101.41,1.15946
HUBS,564.63,1.239542
HSY,161.43,0.824851
CERN,75.56,0.883414
VMC,176.57,1.090968
TSN,78.7,0.831911
TDOC,182.45,0.45927
HIG,68.33,1.324811
ARE,179.35,0.992164
CLX,188.54,0.386519
OKE,50.6,1.581306
MKC,91.47,0.690623
URI,318.94,1.517596
PPL,29.16,1.301454
NUE,77.83,1.040588
NTRS,109.53,1.083848
W,308.18,2.035702
CHD,87.56,0.496011
RSG,106.39,0.925249
EIX,59.19,1.087374
SPLK,133.2,1.045061
EXAS,133.96,0.890298
IP,56.78,0.992641
SYF,40.68,1.700756
BURL,328.04,1.267215
WORK,42.56,0.947316
TSCO,189.38,0.851947
ETR,106.71,1.165349
DOV,148.14,1.27737
MLM,350.82,1.191639
VRSN,211.47,0.791871
CCL,27.27,1.864119
QRVO,193.92,1.071467
AEE,84.78,0.948409
GRMN,141.355,0.990208
HPE,16.42,1.12672
KDP,36.18,0.707346
KMX,131.08,1.597381
TER,131.53,1.364899
HZNP,94.63,0.811475
TTWO,176.19,0.716431
ENPH,166.97,1.547414
Z,137,1.765794
TRMB,82.54,1.294257
OXY,24.65,1.611439
VTR,54.77,1.796682
TFX,443.71,1.099055
GNRC,330.58,1.110722
WDC,68.07,1.486028
FE,36.7,1.018589
RF,20.63,1.410946
XYL,110.48,1.072415
MTB,153.12,1.139903
INVH,33.94,1.277368
COO,411.31,0.929112
IR,51.62,1.134136
LVS,59.76,1.1415
CTLT,114.89,1.092287
HOLX,73.36,1.045169
ESS,297.34,1.286559
TRU,103.27,1.308618
CZR,95.74,2.859999
AES,28.3,1.208085
COUP,268.13,0.76299
KEY,20.77,1.510089
WAT,306.5,0.86361
PAYC,399.59,1.241524
MKTX,507.46,0.686928
CAG,37.61,0.65946
EXR,147.54,0.924694
TYL,451.5,0.7512
CMS,64.13,0.961381
BR,162.63,0.822929
PEAK,33.99,1.377935
DRI,143.97,1.78903
AMCR,11.73,0.906043
RCL,85.81,2.18238
STE,214.82,0.895747
ALLY,48.9,1.743299
PODD,295.5,1.028729
SUI,161.14,1.071796
ULTA,328.44,1.421326
EXPD,110.84,0.913225
ALB,161.23,1.327892
SGEN,147.23,0.679306
HES,67.29,1.184915
GWW,423.56,1.103577
NDAQ,162.47,0.990051
CFG,44.93,1.425387
MAA,155.19,1.245912
ABC,121.65,0.79259
CAH,61.41,0.928451
J,137.14,1.058955
IT,199.42,1.382673
IEX,225.19,0.998264
CE,157.3,1.215045
OMC,81.23,1.02553
CTXS,140.48,0.610822
ZEN,147.52,1.049086
DGX,131.21,0.95057
GPC,122.33,1.252044
AKAM,107.01,0.714904
ANET,318.64,0.996578
LNG,74.19,0.914757
NTAP,76.94,1.094533
AVTR,33.18,0.993066
HAL,19.06,1.592772
STX,89.15,1.023448
MGM,41.51,1.97263
NVCR,207.63,0.974015
CINF,109.36,1.07842
ON,42.55,1.441861
DRE,45.37,1.095534
TECH,432.47,0.923925
AVY,202.16,1.150266
NVR,4862.59,1.257019
K,63.28,0.630254
CVNA,278.01,2.203068
MKL,1188.84,1.202232
MAS,64.75,1.173343
CRL,334.34,1.174427
VICI,30.8,1.449307
ACGL,39.99,1.354129
TDY,443.46,1.188371
UAL,53.11,1.947747
VTRS,13.36,0.927205
ALNY,136.72,0.732909
PCG,10.97,1.803033
INCY,85.58,0.709998
POOL,419.53,0.942853
SSNC,72.48,1.313666
RJF,129.55,1.073734
MDB,306.18,0.880592
LYFT,63.7,1.679188
PTC,147.34,1.263768
MPWR,380.79,1.158314
FICO,542.49,1.195622
ABMD,351.03,1.026635
DPZ,397.71,0.701364
LB,67.38,1.779163
NUAN,53.09,0.976547
BXP,106.05,1.253101
EMN,113.6,1.322794
PFG,62.71,1.552858
PKI,134.97,0.841345
ENTG,113.15,1.161153
HBAN,14.9,1.279166
EVRG,63.48,1.051234
WAB,85.41,1.361656
BMRN,78.73,0.763852
ZS,190.26,0.591021
FBHS,104.9,1.504451
ELAN,30.88,1.183091
CGNX,85.67,0.885103
FMC,115.9,1.230844
LNT,56.44,1.015125
BKR,20.01,1.397441
CCK,109.61,1.239281
SJM,129.77,0.506392
SEDG,279.43,1.449996
PHM,53.91,1.634241
WHR,238.94,1.364383
MOH,255.44,1.142726
GDDY,84.89,1.112361
JBHT,169.2,0.915497
NVAX,207.61,-0.22224
UDR,46.78,1.289901
XRAY,66.2,1.130557
SBNY,238.84,1.158373
FANG,76.13,1.524414
PWR,97.64,1.159419
WRK,53.3,1.140285
XPO,136.87,1.683249
BIO,640.42,0.697129
ATO,103.35,0.90689
PLUG,27.98,1.438286
TXT,60.43,1.438425
CNP,24.13,1.384143
HRL,46.39,0.409984
SNA,238.69,1.13475
WSM,172.69,1.240174
CHRW,99.78,0.653828
PENN,89.74,2.255978
GH,158.25,0.800439
LDOS,100.66,1.171234
GGG,77.75,0.919767
VMW,165.74,1.024141
WYNN,124.15,1.845019
NLOK,22.25,0.84049
PKG,142.33,0.805321
WPC,73.38,1.370182
CHGG,92.03,1.057206
LUMN,13.04,0.879203
FOXA,38.41,0.987823
AAL,21.11,1.858874
EQH,33.92,1.601024
MPW,22.64,1.327458
MTN,333.41,1.145217
FFIV,209.64,0.920087
AAP,199.75,1.342036
FNF,45.1,1.389963
HAS,97.15,1.3325
LKQ,44.99,1.538169
MASI,246.28,0.846664
TTC,116.35,0.910602
L,55.21,1.172642
HST,17.29,1.202484
CREE,114.77,1.078734
RPM,94.77,1.204436
ALLE,138.35,1.197077
JKHY,169.59,0.890242
HWM,31.96,1.468118
DVN,21.44,1.499996
CDAY,94.22,1.2011
TREX,106.76,1.326824
FDS,347.1,0.981175
BWA,50.97,1.277925
TPR,46.36,1.660592
NLY,8.9,1.402043
AVLR,146.7,1.040253
BG,85.1,1.011555
IRM,40.32,1.023687
CPT,118.71,1.188428
BRO,50.48,1.008447
MOS,33.95,1.226926
BAH,83.36,0.901013
LW,81.34,1.280797
FND,113.72,1.455482
ELS,68.57,1.105894
IPG,29.72,1.335875
LYV,81.78,1.57158
DAR,71.86,1.380508
SAM,1283.9,0.856021
BKI,73.79,0.882099
UHS,145.51,1.338743
LII,334.46,1.016736
TPL,1472.68,1.186485
APO,53.19,1.452606
LNC,63.62,2.1311
MHK,203.34,1.669882
LPLA,148.58,1.288174
RH,687.99,1.85398
NDSN,213.93,1.196777
RGEN,218.32,0.786692
CBOE,104.37,0.787495
WTRG,47.97,1.035304
WRB,81.36,1.122994
ZNGA,10.67,0.774288
WAL,106.73,1.326415
FIVE,195.64,1.480064
NI,25.72,0.999652
NCLH,29.81,2.042015
FIVN,175.4,0.629381
AZPN,150.87,1.227182
PRAH,166.8,1.224042
WU,26.33,1.042887
EWBC,76.15,1.196477
NWL,26.54,1.17418
HSIC,74.22,1.052083
RE,266.82,1.027887
NWSA,26.73,1.013459
PNR,64.31,1.307334
LAD,390.7,1.563093
AXON,153.94,1.192096
OC,95.85,1.435598
CPB,48.77,0.511762
FHN,17.97,1.422481
ACM,67.35,1.385718
MIDD,182.06,1.57174
HUBB,191.12,1.06685
RHI,87,1.163427
BFAM,163.49,1.398424
DISH,42.48,1.219223
LEA,187.56,1.353538
ARMK,39.51,1.422424
STLD,51.89,1.092615
TAP,52.27,0.958288
PEN,297.73,0.909756
CABO,1846.14,0.884842
AMH,35.66,1.153959
COLD,39.26,0.754623
CF,47.32,1.183723
PNW,83.81,1.129565
GLPI,45.94,1.606901
WEX,227.23,1.75878
WSO,292.27,0.802343
GL,103.08,1.22103
OLED,223.57,1.212659
RS,157.49,1.04765
FWONK,47.24,1.191431
BLDR,48.77,1.625309
Y,679.85,1.207551
AMED,284.57,0.627166
MKSI,185.3,1.256003
ST,59.97,1.294576
AGCO,153.72,1.29635
ATR,151.45,0.799855
REG,62.12,1.354488
DISCK,32.45,1.014875
IVZ,26.51,1.419211
VER,41.91,1.434608
UGI,44.19,1.065336
CMA,70.45,1.35734
KSS,59.47,2.011789
DECK,343.77,1.346614
CSL,190.48,1.15126
UTHR,207.5,0.626489
CONE,74.29,0.989486
JAZZ,166.73,0.887885
JLL,178.22,1.385916
RNR,172.17,1.071531
KIM,20.37,1.334777
LBTYK,25.07,0.791613
SMG,232.84,1.102195
NLSN,25.6,0.93724
GNTX,35.35,1.058925
NRG,37.12,1.233836
ZION,54.27,1.183728
RGA,129.6,1.653877
AFG,123.78,1.536873
AGNC,17.47,1.282626
RUN,55.69,1.790893
AOS,68.36,1.022825
OHI,37.89,1.408244
CUBE,42.03,1.042758
GWRE,104.94,0.845828
ARW,118.51,1.162303
NBIX,96.73,0.758235
EHC,88.64,1.212231
LAMR,98.72,1.672201
HII,206.13,0.982774
VST,17.49,1.107088
ATUS,35.14,1.02021
STOR,35.73,1.381551
SCI,53.23,1.047165
CIEN,54.46,0.95976
VOYA,67.3,1.388073
DVA,113.6,1.078084
USFD,39.43,1.873556
MRO,10.67,1.290667
CASY,224.04,0.907093
AIZ,155.79,0.980824
ALK,69.21,1.687149
NNN,47.19,1.433426
BERY,62.48,1.086202
NTRA,111.79,0.931042
GME,151.18,-0.21913
IAA,60.85,1.385984
PII,146.45,1.427506
ITT,94.39,1.182787
PLAN,62.01,1.397337
CLF,17.98,1.541228
TW,80.23,0.745931
IIVI,77.87,1.121974
LSXMK,46.61,1.323565
EEFT,149.6,1.283962
G,45.1,1.176378
BC,104.52,1.594192
HRC,115.92,0.858705
ALV,105.85,1.485591
IPGP,227.99,0.996905
CBSH,77.23,0.857117
BEN,29.42,1.014106
ROL,35.8,0.691609
FLIR,59.55,1.283665
MANH,124.24,1.262866
SITE,181.76,1.383481
PVH,109.44,1.995755
OSK,124.52,1.138764
CPRI,53.8,1.983329
JNPR,25.3,0.969382
LECO,126.48,0.989844
EXEL,24.73,0.81599
RP,88.72,0.933401
DCI,62.1,1.046115
LSCC,54.82,1.118364
PFPT,131.78,0.915419
RGLD,118.14,0.851687
FRT,109.83,1.294215
CHE,467.81,0.903312
CHDN,215.89,1.624546
FRPT,172.69,1.075239
DBX,26.255,0.732944
SEE,48.39,1.077434
THO,140.94,1.512934
FSLR,88.56,1.065602
PCTY,195.4,1.277293
VAC,179,1.925587
DXC,31.87,1.593395
ESTC,125.03,1.009942
LSI,94.85,1.117103
REXR,55.23,1.17037
TRGP,33.94,1.791232
HBI,20.93,1.068336
HOG,48.01,1.356941
MAT,21.05,1.203805
SYNH,88.55,1.527847
KRC,67.03,1.185776
NYT,47.24,0.840034
BRKR,69.51,0.960137
ARWR,71.59,0.890644
LITE,94.08,1.140758
MRTX,155.66,0.891853
TTEK,133.94,1.04864
GPS,34.01,1.82569
PFGC,56.26,1.954396
ATH,57.79,2.007481
BLD,225,1.496875
SF,69.29,1.378823
MDU,33.44,1.223336
TPX,39.98,1.768839
BRKS,102.74,1.513196
PLNT,83.81,1.980736
FATE,85.34,0.869657
NXST,153.75,1.534205
LPX,67.6,1.646141
VNO,44.82,1.463211
SEIC,57.85,1.245552
PBCT,17.9,1.023412
POST,113.08,0.895873
TOL,60.79,1.817031
FFIN,48.19,0.927536
STWD,25.53,1.725499
RARE,109.87,0.985208
PB,76.76,1.036452
TCF,44.38,1.500148
SMAR,62.03,0.672218
SIRI,6.38,1.100301
LHCG,213.1,0.854404
COHR,269.84,1.314577
SNV,46.73,1.520839
FAF,64.29,1.404209
JBL,54.23,1.522591
AXTA,32.51,1.339797
RDFN,65.64,1.905857
XLRN,122.13,0.811995
CACI,254.47,0.998275
WWD,124.18,1.587004
PNFP,88.65,1.26344
WH,74.08,1.658883
CDK,54.3,1.100005
LFUS,275.94,1.080424
LEG,50.5,1.359064
PRI,160.14,1.597538
BYND,131.42,1.28851
EME,120.96,1.228724
BWXT,67.37,0.88742
INGR,92.86,0.925345
FOXF,157.67,1.233984
HTA,28.85,1.11262
AMG,158.14,1.266445
CLVT,25.97,0.965823
OGE,32.95,1.247232
APA,18.18,1.973966
TMX,49.04,0.799345
TXRH,100.36,1.428409
NVTA,36.8,1.437796
EGP,154.93,1.20011
COG,16.12,0.75027
SON,65.42,0.941692
DLB,99.85,0.943153
GRUB,72.61,1.264533
BRX,21.7,1.473002
ORI,24.17,1.251958
CHWY,80.59,0.707923
FR,48.74,1.133003
SLAB,154.6,1.115286
FL,59.06,1.317908
FCNCA,885.08,1.254508
THC,55.7,2.226723
AA,34.71,1.712246
LSTR,171.73,0.762189
SAIA,241.89,1.074105
RXN,50.99,1.261883
MAN,119.8,1.101525
CLGX,79.9,1.141539
INSP,227.68,1.509963
YETI,87.83,1.550897
HQY,73.53,1.314011
JEF,32.5,1.34416
ACC,45.72,1.469119
UNM,28.77,1.696753
TKR,83.73,1.315091
DISCA,38.4,0.998605
XEC,62.62,1.236658
IONS,42.69,0.795895
SRCL,70.24,1.07827
SKX,51.9,1.28879
NEO,50.67,0.868352
NATI,45.83,1.104739
HALO,50.46,1.060373
EVR,141.53,1.463068
SLM,19.35,1.14177
CFR,115.55,1.102271
STAA,133.8,0.841433
AEO,37.87,1.343914
JBLU,20.28,1.776915
MTZ,101.64,1.306222
OLN,40.94,1.153328
FOX,37.34,1.048379
TDC,52.18,0.980802
OMCL,139.62,0.96546
HUN,28.31,1.213468
TWST,133.12,1.168915
OVV,22.57,1.756555
PRGO,41.83,0.963391
MMS,93.09,0.902112
PACB,30.96,1.39687
NVRO,165.7,1.302098
ERIE,229.03,0.336927
BJ,43.98,0.59608
VLY,14.01,1.180246
X,23.71,1.210335
RL,125.48,1.355426
BL,120.05,0.965126
TNL,64.35,1.712457
NYCB,11.99,0.788538
HEI,139.2,1.286606
SSB,83.16,1.028559
AYI,178.14,1.204194
SRPT,70.94,0.867188
OLLI,95.91,0.933517
RBC,148.66,1.122734
IBKR,73.3,1.017124
VRT,21.77,0.973653
FSLY,68.92,0.830045
ASGN,106.52,1.233388
TNDM,94.96,1.164873
DEI,33.03,1.197
BPOP,72.82,1.409274
MSA,161.65,1.000037
SAIC,87.37,1.242734
SRC,45.99,1.417361
PEGA,130.79,1.205863
STAG,36.27,1.064012
FLS,40.32,1.276359
ACHC,62.19,1.882213
NCR,41.87,1.499135
EXP,140.47,1.403696
COR,125.48,0.62402
VVV,28.82,1.266959
KNX,46.74,0.868073
KBR,40.17,1.499796
APPS,74.1,1.755768
CFX,45.21,1.654486
ZG,138.94,1.771618
GBCI,61.4,1.03225
CCMP,187.07,1.504709
HELE,226.39,1.052049
QTWO,103.83,0.991307
FCN,144.12,0.608962
CRUS,86.98,0.934386
MORN,245.98,0.904696
AYX,85.33,0.982518
WMS,115.01,1.467858
IDA,100.28,1.034721
IART,74.63,1.138628
ESNT,51.68,1.385561
EXPO,100.32,0.938468
ARES,55.37,1.25781
CUZ,36.18,1.344283
BPMC,97,0.843159
NEOG,96.61,0.786842
MEDP,191.29,1.00854
VRNS,54.99,1.284003
GTLS,152.79,1.95499
LAZ,46.45,1.32007
BBIO,54.47,0.75019
KMPR,83.3,1.151093
RYN,35.85,1.073557
CHNG,23.22,1.441765
SNX,124.2,1.221153
BYD,66.85,1.794295
HXL,57.21,1.458077
DKS,85.94,1.669389
GMED,71.12,0.93153
PSTG,20.91,1.416675
BXMT,32.87,1.553535
ROLL,201.38,1.384319
PK,21.92,1.945551
CIT,54.56,2.045997
UHAL,595.67,1.054484
AWI,99.6,1.249938
UFPI,81.4,1.399107
NVT,30.02,1.344413
AN,102.01,1.385622
ASH,92.67,1.288718
CROX,84.15,2.146664
NOV,13.29,1.156692
CR,95.33,1.446814
HFC,34.09,1.130879
FLO,24.3,0.443066
NTNX,26.66,1.433492
AL,47.24,1.79157
SABR,15.57,2.759057
JHG,33.83,1.215334
FEYE,20.28,1.150451
EQT,17.72,0.585467
ADS,107.07,1.994006
VMI,242.27,0.988742
SLG,71.25,1.444299
WSC,29.75,1.550175
SWAV,159.38,1.38237
M,16.92,1.542035
POWI,85.41,0.990215
APPN,129.46,1.245571
STL,24.82,1.69246
LOPE,111.18,0.979558
CRI,100.46,1.131363
SPR,46.17,2.180164
ALSN,43.79,1.130617
EVBG,138.8,0.728713
THG,134.52,1.071393
NOVT,138.05,1.143457
SSD,107.37,1.170293
ADNT,48.6,2.068613
TGTX,42.41,1.553996
CC,30,1.78844
FTDR,55.05,0.912596
CW,125.42,1.423337
QDEL,116.01,0.222886
CG,41.53,1.247631
SYNA,136.05,1.371639
HASI,56.62,1.653823
JCOM,125.03,0.94468
UBSI,39.67,1.116235
ACIW,40.37,1.268025
CLH,88.91,1.51654
HIW,43,1.448403
WTFC,77.18,1.33301
AVT,44.17,1.103069
OMF,54.58,1.798006
SIGI,76.77,0.962175
GPK,18.65,1.068766
HR,32.1,1.158976
OZK,41.22,1.006428
HE,42.74,0.816766
HHC,105.93,1.829384
TRIP,50.99,1.410973
TGNA,20.96,1.160201
SAIL,49.2,1.140256
NFG,51.38,0.80853
WBS,53.32,1.359921
IRDM,37.665,1.309488
NTLA,78.29,0.983342
POR,50.66,1.046568
AVNT,50.09,1.394401
JBT,138.06,1.362701
CAR,83.25,2.287269
UPWK,48.12,1.216086
CBRL,170.62,1.496633
RPD,83.93,1.100277
FNB,12.92,1.274617
MSTR,613.04,1.082669
PACW,42.7,1.581034
CDNA,78.96,1.242446
QRTEA,12.26,1.534213
BKH,69.56,1.202119
TRNO,63.35,1.000012
IOVA,31.28,1.074215
OGS,81.26,0.991652
GT,18.275,1.621111
WEN,22.6,1.426927
ICUI,211.85,0.808636
DNLI,56.79,1.047819
SHAK,110.31,1.33392
DOC,18.81,1.201226
UAA,23.03,1.411958
MTG,14.93,1.617653
SMTC,71.25,1.16563
LIVN,82.92,1.27664
IIPR,181.96,1.411994
BCPC,124.21,0.726273
REZI,30.34,1.808152
CACC,376.15,1.467185
ENSG,88.38,1.037377
ALRM,93.16,0.890492
WCC,90.53,1.757931
RLI,113.99,0.883781
HWC,45.2,1.679584
CDLX,129.85,1.831611
MRCY,76.41,0.970916
MGNI,38.31,1.792235
PRSP,29.31,1.074316
LGIH,167.15,1.718068
NRZ,10.43,1.773323
HPP,27.41,1.450795
AXS,54.69,1.008896
HOMB,28.05,1.242244
AEIS,116.42,1.746088
ESI,20.44,1.120769
RDN,24.69,1.435826
BHF,45.44,1.92693
BCO,77.22,1.375156
RHP,75.94,1.893588
ENS,92.96,1.367929
MSM,90.36,0.944273
DAN,27.7,1.995466
LBTYA,25.08,0.787788
TMHC,31.57,2.059439
LSXMA,46.48,1.350675
UMBF,94.59,1.063208
EYE,50.31,1.845871
PNM,49.68,1.253353
SR,76.37,0.988333
ADC,71.11,1.104495
HGV,42.74,1.757759
HLF,46.64,0.885776
QTS,66.42,0.857045
SWX,71.93,1.073825
WTM,1222.87,0.965223
UNVR,22.97,1.637593
WING,142.37,1.305319
NWE,68.24,1.246317
R,74.77,1.235874
JWN,37.6,1.654347
GKOS,94.99,1.633187
EGHT,33.73,0.970666
LPSN,55.66,1.261399
KBH,47.83,1.917396
AQUA,28.5,1.837703
LBRDA,154.86,1.003264
ENV,72.81,1.183273
SAVE,37.29,2.390059
MUSA,141.57,0.724272
SAGE,76.47,1.263516
XRX,24.38,1.403152
NJR,42.86,0.964304
EPR,47.68,1.772829
SONO,41.34,0.882821
AIMC,63.45,1.555653
PCH,59.39,1.228344
LANC,185.77,0.716227
BHVN,74.83,1.180203
LCII,146.97,1.396875
ITRI,92.44,1.15287
JBGS,32.17,1.153866
ARNA,66.92,0.890778
PPBI,43.89,1.39573
HAIN,40.9,0.456472
UMPQ,18.49,1.102147
ORA,76.69,0.726612
AMC,10.16,0.371463
DIOD,82.44,1.112766
VIAV,16.85,1.120468
QLYS,102.89,0.614242
KEX,61.73,1.274884
KOD,120.43,1.045894
GRA,64.24,1.304084
ABG,211.33,1.478212
CBU,78.57,0.969511
SEM,37.8,1.799689
SPSC,104.72,1.111506
UA,19.26,1.401603
ALLK,107.4,0.508676
HRB,22.19,1.176526
VCYT,49.45,1.359432
TNET,85.73,1.348178
WK,95.99,1.070624
ABM,53.52,1.303799
HL,6.37,1.284471
NSTG,76.105,1.305913
SXT,84.95,0.954952
ESGR,255.4,1.023362
ALE,71.04,1.07485
NUVA,70.61,1.271071
BOH,90.93,0.979226
SIX,48.69,1.741785
ROG,203.16,1.05138
CHX,20.415,2.24947
CVLT,70.7,1.165061
FHB,27.14,1.042171
PDCE,34.31,1.462511
NSIT,101.1,1.290798
NEWR,63.26,1.020652
NKTR,19.68,0.91575
ADPT,43.07,0.694083
LPRO,37.1,0.42324
AMN,79.93,0.627504
APAM,54.97,1.243025
HLI,69.76,0.545211
STMP,204.63,1.086491
KNSL,174.96,1.106035
HAE,67.45,0.879547
KFY,67.14,1.195611
HI,49.57,1.216376
CNMD,132.99,1.51661
AJRD,48.6,0.810484
SBRA,17.88,1.564542
LAZR,22.18,0.542019
PTCT,45.75,0.816366
TCBI,65.89,1.372553
BECN,56.36,1.667848
INSM,35,1.44277
RCM,26.41,1.061561
APG,21.44,1.383205
BBBY,26.52,1.43328
DOOR,126.49,1.551683
FORM,48.96,1.395442
ALGT,240.81,1.523531
PSB,163.84,1.161512
CWST,68,0.869311
AIT,96.05,1.390355
BOX,22.09,0.644391
ASB,21.4,1.183534
GATX,96.29,0.996934
CBT,55.4,1.435514
SUM,29.01,1.719176
ITGR,94.78,1.416345
WWW,41.63,1.557581
ALTR,67.11,1.001041
MC,56.94,0.957122
MMSI,64.02,0.978128
WLK,93.52,1.330567
EXLS,95.76,1.260312
CLNY,6.91,2.140635
MTH,93.95,1.687292
EQC,28.36,0.522322
NSP,87.71,1.668591
ENR,50.64,1.254925
BLKB,70.84,0.970461
WTS,123.83,0.952362
ATRC,69,1.105254
KTOS,27.03,1.408887
MATX,67.92,0.890541
WRI,31.34,1.425992
TRTN,54.61,1.052439
SHOO,41.62,1.402017
NSA,44.94,0.987751
GO,40.23,0.449407
OUT,23.4,2.145923
MDC,60.41,1.566925
ONTO,69.98,1.480414
CNNE,40.44,0.975702
SIG,63.58,1.892052
WDFC,258.19,0.486026
ALKS,21.28,0.84547
NHI,72.69,1.775732
ETRN,7.96,0.645834
VCEL,59.59,1.608881
KMT,41.04,1.297659
AMBA,103.54,1.200141
TPTX,72.35,0.992657
MSGS,183.14,1.098945
VSH,25.97,1.295249
CNO,25.55,1.517905
SEAS,56.5,1.676751
SLGN,43.87,0.766019
FN,91.16,1.073285
CNX,13.57,0.501124
IBP,131.13,1.690886
ATKR,76.23,1.674249
PEB,24.55,1.676293
COMM,16.78,1.491802
CHH,112.33,1.351439
NGVT,72.96,1.540241
CWT,61.18,0.635191
UNF,230.45,1.095701
CMD,89.16,1.660315
CSOD,44.53,1.307779
FUL,68.1,1.215733
BKU,45.89,1.317417
SCL,132.69,0.824184
SAFM,166.39,0.590741
SFM,26.515,0.445428
SPXC,61.99,1.339685
PAG,88.6,1.778379
LXP,11.97,0.955582
PZZA,94.84,0.7859
SANM,41.71,1.152106
COLM,113.49,1.094961
TWOU,40.56,1.617982
SPB,88.42,1.570999
MTSI,61.01,1.332887
CMC,28.8,1.070338
LTHM,18.19,1.75817
CTB,57.62,1.256401
AUB,39.15,1.150415
IRBT,113.4,1.016168
FLR,21.77,1.819294
VRNT,48.06,1.039008
OSTK,70.16,1.822858
JACK,116.27,1.705882
AGIO,54.73,0.888873
KTB,65.91,1.308021
DORM,111.34,0.927101
RAMP,49.17,1.028331
FCFS,70.89,0.942491
FCEL,10.2,1.821963
AGR,51.45,0.846585
AWR,82.38,0.597376
AIN,87.91,1.410827
PDCO,33.46,1.013504
VC,117.95,1.328761
FLOW,67.99,1.680436
BXS,30.38,0.992115
ESE,112.2,0.992126
PCRX,64.69,1.000267
KLIC,57.84,1.138633
OFC,27.95,1.415271
GPI,162.57,1.759567
FTI,6.95,1.437823
PRG,43.05,1.877491
VG,14.04,1.361965
ACA,63.38,1.132854
WBT,22.23,1.772158
EPRT,26.08,1.398538
FELE,82.39,0.967423
NWS,24.89,1.090816
RCII,56.25,1.361672
TEX,47.28,1.232168
VSAT,47.68,1.531136
YELP,40.61,1.359498
SMPL,33.64,0.777611
CATY,41.24,1.286391
PRLB,109.94,1.155198
MARA,32.3,1.687011
CCOI,68.41,0.638562
TRUP,82.66,1.266542
KWR,242.37,1.212968
APPF,147.18,1.233947
NEU,356.23,0.570952
FIX,80.63,1.141409
AM,8.98,1.1162
STAY,19.7,1.207451
CVET,30.29,1.594857
EAT,67.74,1.977913
WGO,77.43,1.593247
MTDR,23.85,1.900625
BE,25.63,2.18592
UNIT,10.96,1.029918
WD,109.12,1.721427
AR,9,1.520863
COTY,9.91,2.05796
VIRT,30.825,0.473935
BAND,138.01,0.646799
APLE,15.27,1.970301
AGO,47.8,1.654587
MGEE,75.56,0.778723
THS,49.41,0.525363
LGND,146.22,0.895393
ROCK,92.86,1.250767
SKYW,51.63,1.918659
CALX,44.87,1.112676
EBS,61.94,1.020119
KW,20.55,1.153711
DY,96.62,1.822279
FULT,17.33,1.003189
MTX,78.4,1.290396
HP,25.27,1.590959
JJSF,166.38,0.770874
SFNC,29.36,1.021616
FOLD,10.01,0.983212
FHI,30.21,1.358418
ISBC,15.43,1.023529
SHO,12.66,1.220309
RRC,8.83,0.794729
H,83.21,1.366167
ATI,23.37,1.949118
TENB,40.65,1.088035
ONB,19.3,0.954179
SFBS,63.65,0.981061
WERN,45.41,0.775493
DDD,22.18,1.754042
AAON,69.8,0.881775
CAKE,57.86,1.525351
SNBR,112.72,1.628112
ELY,29.29,1.735225
CYRX,54.89,1.090572
SGMS,50.44,2.116301
MED,232.62,1.355417
RLJ,15.73,2.090495
MIC,33.52,1.889695
SPCE,22.16,1.677906
HLNE,91.99,1.295785
BMI,97.54,1.10777
CVBF,22.05,0.797996
PDM,18.09,1.311163
GBT,42.11,1.006965
WSFS,49.66,1.24803
WWE,54.23,0.684825
AMRS,15.19,0.911983
MXL,38.12,1.399855
SSTK,96.11,0.616765
VNE,25.65,1.677596
WAFD,32.97,0.891085
BOKF,89.22,1.390388
CCXI,45.9,1.093054
RETA,88.41,1.022374
CORT,24,0.533779
NOVA,39.91,1.496262
MAXR,39.37,1.662862
KAI,183.22,1.088238
IDCC,72.53,1.228482
FSS,41.6,1.030607
NUS,54.01,0.984573
BLMN,28.19,2.169272
EVTC,39.31,1.078769
SFIX,45.27,0.907587
EDIT,36.91,0.964098
PFSI,58.6,1.623896
TDS,23.78,1.009375
BIG,65.98,1.141194
ABCB,50.81,1.341146
CIM,12.72,1.437285
IOSP,97.7,1.112163
IBOC,48.11,1.58938
UCBI,33.41,1.034891
ACAD,20.5,0.727358
SWN,3.91,0.474733
COOP,32.78,1.545082
PBH,44.81,0.894503
XNCR,43.58,0.67072
OMI,38.81,0.04676
MIME,42.79,1.038396
CMP,68,0.948542
AMKR,23.82,1.350763
RIOT,38.48,1.623806
BRC,55.68,1.048194
MUR,16.04,1.629547
PSMT,86.16,0.819163
CADE,22.08,1.89076
UFS,39.05,1.236171
FWRD,88.17,1.091326
IRTC,79.73,1.149929
COLB,44.15,1.070072
MD,26.29,1.768992
NAVI,15.08,1.777178
APLS,44.21,0.961376
INT,32.97,0.91217
VRRM,13.46,1.306253
MLI,45.3,1.312575
JELD,30.14,1.854988
ANF,39.48,1.507037
FRME,47.31,1.04648
UNFI,35.61,-0.20401
OI,15.03,1.820096
MNRO,68.93,0.983498
HTH,34.19,1.204921
BCC,66.68,1.443488
GHC,644.33,1.097371
MFA,4.32,1.624244
HUBG,65.98,0.84187
CLDR,12.64,0.784475
LEVI,29.56,1.434053
MTOR,28.65,1.516904
MGLN,94.43,1.188429
MWA,14.56,1.192222
PLXS,93.46,1.229259
B,50.58,1.46172
WRE,22.83,1.065027
ARVN,64.81,0.906188
SKY,44.6,1.500454
CNK,21.47,1.629209
INFN,9.43,0.886813
PD,42.28,0.680364
MDLA,29.29,0.905244
GLUU,12.49,0.809031
SITC,14.97,1.627963
TWNK,15.07,0.695606
URBN,38.5,1.308332
VSTO,32.66,0.686727
PINC,35.63,0.610451
CXP,17.98,1.71394
AVNS,44.91,1.27455
HCSG,31.96,0.796076
PRFT,64.19,1.191636
CENTA,51.55,0.894113
TPH,22.74,1.772491
TREE,227.04,1.292231
REGI,58.64,1.206949
PATK,89.95,2.099913
BDN,13.22,1.398744
XPER,21.185,1.103237
LOB,66.19,1.56764
VICR,90.21,1.18082
MGNX,34.8,1.468818
INO,6.85,0.345621
MGRC,81.83,1.054609
AHCO,29.41,0.670731
HTLF,50.71,1.189192
CARG,25.45,1.26215
RRR,34.07,2.012794
SJI,24.92,0.978313
THRM,76.48,1.36289
UI,288.87,0.880797
INDB,81.43,0.862686
RMBS,19.725,1.041366
MANT,84.7,1.112006
SVMK,18.38,1.256337
TPIC,58.21,1.718951
IHRT,19.64,1.372432
SHEN,50.38,0.828545
MLHR,42.03,1.386222
ITCI,31.06,1.012799
WSBC,37.59,1.110335
OTTR,47.51,1.065694
AX,45.88,1.390213
MNR,18.32,1.136528
ABR,17.27,2.180877
FOCS,46.17,1.385738
ZUO,16.57,1.090135
PRGS,46.61,0.968511
AVAV,111.46,0.887145
MYGN,30.1,1.045418
SC,31.4,1.61195
CTRE,24.39,1.396585
PLAY,46.75,2.555642
ROIC,17.58,1.638741
CUB,74.89,1.309594
TTGT,76.15,1.029912
ALLO,34.42,0.704946
EPC,38.63,1.022545
CYTK,26.49,0.941301
EXPI,34.46,1.268079
AEL,31.77,1.951046
ATGE,38.69,1.07129
ODP,41.22,1.134869
TRMK,33.35,0.88566
KRTX,107.57,0.757413
RPAY,23.5,1.178393
CPK,121.93,0.803976
ICHR,59.29,1.890193
LILAK,14.04,1.428283
KALU,113.23,1.520935
ILPT,24.54,1.259507
NYMT,4.59,2.056388
VRTS,256.81,1.446539
PHR,52.64,0.892883
NAV,44.28,1.104817
FBC,45.37,1.34645
UE,18.3,1.454381
CDE,9.63,1.220306
MDRX,16.34,1.242403
HRI,100.24,1.871806
KAR,15.63,1.529663
TSE,63.45,1.320788
CWEN,29.08,0.803018
EPAY,49.1,1.069787
STRA,85.43,1.043972
FSR,14.01,0.439058
INOV,29.13,0.996299
TROX,20.61,1.786651
DRH,10.1,1.598488
WOR,66.62,1.263303
DLX,44.47,1.33314
RNST,41.94,0.972862
CRS,40.44,1.783847
KRG,20.54,1.442616
SILK,58.5,1.236587
TRN,27.46,0.99164
PIPR,117.5,1.454822
EAF,12.22,1.238665
BCRX,12.13,0.906161
RVLV,50.7,1.493562
ARGO,52.06,1.048341
LZB,43.22,1.366992
SPWR,29.01,1.229967
GDOT,44.43,1.494061
GMS,44.13,1.658728
PRIM,33.89,1.17895
SVC,12.03,2.266016
NTCT,27.87,0.997815
HLIO,72.22,0.713069
TWO,7.49,1.903319
MVIS,17.97,1.669899
XHR,18.62,1.677655
PGRE,10.16,1.435203
RUSHA,49.84,1.087296
CFFN,13.25,0.76392
ESRT,11,1.149556
FMBI,21.68,1.08295
PGTI,26.44,1.507378
AVYA,28.96,1.269843
SBH,20.48,1.148701
GSHD,105.97,0.82925
CORE,42.94,0.966241
RIG,3.14,2.109203
CVCO,215.87,1.425875
FGEN,21.14,1.153879
MCY,64.12,0.869938
FBP,12.09,1.707857
BDC,43.87,1.393098
DCPH,46.21,0.989137
NNI,75.01,1.030431
BGS,29.83,0.109243
GOLF,43.92,0.992162
BLUE,28.65,1.011907
KURA,27.99,1.221336
SJW,68.34,0.953969
NMIH,23.98,1.693001
HCAT,55.09,0.566428
TOWN,30.71,1.094653
GRWG,45.13,1.714467
DOMO,64.23,1.839125
NWN,55.26,0.83499
ARCB,72.53,1.095942
GNW,3.82,1.018961
UCTT,54.11,1.742635
CWK,16.94,1.4347
TTEC,106.17,1.192158
HNI,41.67,1.266461
COKE,315.01,0.972087
CSGS,46.6,0.911308
COHU,44.62,1.627655
LKFN,69.15,0.807267
CPE,33.78,1.723702
IRT,16.7,1.276832
TBIO,21.61,0.438267
PRPL,35.78,1.627104
FFBC,24.97,1.199605
RVNC,28.98,1.326448
FCPT,29.36,1.667875
QTRX,60.73,1.334193
RCKT,44.79,0.975637
ADUS,110.22,1.113919
KRYS,78.57,0.942015
LMNX,36.71,0.426114
AAWW,67.72,0.939474
EFSC,50.59,1.195492
AMWD,101.19,1.733217
CATM,38.81,1.226353
PLMR,72.74,0.95549
RLGY,15.29,2.093088
EB,21.98,1.756325
CDMO,21.2,1.527963
RFP,15.74,1.671546
KN,21.08,1.11886
AXNX,61.93,1.378948
NMRK,10.57,2.157434
EVRI,15.05,2.317541
JOE,43.85,0.993819
CVA,13.67,1.184687
GVA,39.26,1.348077
GTN,20.31,1.443841
EHTH,67.28,1.172095
CMPR,95.22,1.452123
SASR,44.39,1.262664
OPK,4.27,1.075857
PMT,19.78,1.981956
EVH,20.33,1.312081
PRAA,37.37,1.261714
VGR,13.74,0.821971
AMCX,52.54,0.963376
HSKA,182.33,1.012929
OSIS,99.21,1.186759
SUPN,31.41,0.958338
PLUS,99.96,1.315997
IRWD,11.1,0.673448
ICFI,93.42,1.095349
PAR,79.26,1.575222
BOOT,72.35,1.714597
DK,21.41,0.891227
BSIG,23.34,1.406289
CALM,39.05,0.464909
FIBK,48.6,0.959427
NKLA,11.545,0.573256
TCBK,46.81,1.054838
SYKE,44.795,1.10958
RCUS,35.77,1.295344
DIN,91.13,2.744362
GBX,46.76,1.565871
SKT,16.98,1.404108
SRNE,7.59,0.14733
CWH,43.09,2.283964
MEI,44.58,1.148619
DRNA,28.68,0.824325
NPO,85.95,1.408064
BJRI,57,2.409392
HIBB,73.57,1.427024
LTC,42.94,1.297437
PRO,45.65,1.393143
TVTX,24.14,1.057881
AKR,20.93,1.332603
GRBK,24.98,1.442806
CVGW,79.79,0.730349
GEF,59.84,1.118974
TBK,91.65,1.325065
FARO,89,1.169499
NBTB,39.4,0.774778
MATW,43.17,1.102429
TNC,81.12,1.096855
PFS,23.62,1.365638
BGCP,5.65,1.146784
AMSF,64.26,0.860351
CCS,63.77,2.08547
GNL,19.01,1.252845
SBCF,36.92,1.291737
MHO,59.61,1.950139
CSWI,141.27,1.031753
SM,15.96,1.860323
FLGT,84.78,1.195736
CBZ,33.68,1.070803
OXM,89.99,1.449243
XPEL,64.83,1.146863
WW,28.75,1.531217
MBUU,86.08,1.488298
PI,55.38,1.430113
SMCI,38.25,1.23335
LNTH,22.27,1.28309
CLDX,27.89,0.63082
MLAB,261.67,0.7378
LNN,167.32,0.858337
OCGN,9.63,1.305792
ATSG,27.53,0.702846
TBBK,21.94,2.037791
GCP,25.89,1.047107
DEA,21.51,0.655413
MSEX,84.37,0.789451
CELH,59.63,1.263374
HRTX,17.3,0.954389
PPC,24.7,0.754555
CASH,45.85,1.116695
DM,13.74,0.608629
NWBI,14.14,0.907002
TTMI,15.13,1.045495
BKD,6.48,2.244589
UVV,58.09,0.70969
KFRC,56.08,0.974995
CARA,26.34,0.998813
CLI,16.09,1.00572
AAT,34.34,1.414262
CVM,24.42,0.618741
ECPG,38.72,1.797129
MODV,142.84,0.802266
AXSM,52.89,1.043432
GTY,30.89,1.328443
HOPE,15.6,1.189189
EPAC,26.9,1.087837
AZZ,52.35,1.136624
HSC,17.98,1.465295
DENN,17.87,1.984822
UIS,24.93,1.064469
SWCH,18.21,0.900112
FBK,43.05,1.195698
LRN,31.39,0.844566
RAVN,40.52,1.159171
ROAD,30.86,0.789015
AIR,40.38,1.993024
MAC,12.98,1.859601
IESC,49.8,1.152334
ASTE,78.08,1.019048
MNKD,4.68,1.122517
PTEN,6.315,1.613639
ECOL,42.66,1.176322
KAMN,51.93,1.370101
FOE,17.35,1.378529
TRS,31.34,0.968768
BALY,59.08,1.986513
REAL,23.71,1.404244
BHE,30.41,1.113017
PLCE,75.93,2.019506
PLT,40.71,1.304886
ADT,9.26,1.457094
PJT,73.15,1.20997
PRK,127.47,0.682393
HOME,31.31,1.82559
BRMK,10.8,1.126688
WDR,25,0.914673
LAUR,12.47,1.266572
ATRA,14.14,1.001818
SAH,50.68,1.837772
IPAR,76.06,1.423837
VUZI,23.13,1.240089
DCOM,33.08,0.986067
GES,28.99,1.772319
WABC,64.8,0.779792
MTRN,67.73,1.150301
WIRE,71.87,1.00235
HA,25.07,1.737148
SGRY,48.09,1.85285
ORGO,22.05,1.229251
SHYF,37.55,1.147493
CERS,6.08,1.280377
SLP,68.96,0.888173
EGBN,54.34,1.228657
PBF,12.91,1.679462
NTGR,37.56,0.956686
CNS,68.91,1.347178
ALG,159.24,1.280188
SGMO,11.71,0.831905
BLNK,37.59,1.747925
SWM,46.92,1.096319
FRG,37.6,1.929168
WHD,28.71,1.240909
SBGI,32.62,1.469064
MYRG,70.95,1.379333
ERII,21.68,0.967221
EVOP,28.725,1.277056
OCUL,15.455,1.438832
USPH,117,1.629105
OCFC,23.26,1.195302
CLR,25.71,1.402364
IMGN,7.79,1.45139
CNA,47.34,1.189759
QURE,32.28,0.904551
CSII,40.72,0.957894
TFSL,20.17,0.898993
AROC,9.2,1.151696
RUBY,24.66,1.022613
ZGNX,19.02,0.882966
SCS,14.15,1.32287
GEVO,6.64,1.173744
PTGX,29.07,1.308673
REKR,23.3,1.418155
JOUT,148.4,0.895548
JRVR,46.36,1.157156
SSP,22.99,1.660753
CRY,22.93,1.165005
CLB,27.82,1.168833
OPI,27.57,1.197158
TRHC,43.42,0.91054
IMKTA,62.26,0.250994
CNDT,6.84,1.621641
GOEV,8.71,0.434836
TUP,26.15,2.002021
GPRO,10.92,1.164229
BANF,70.48,1.268126
BANR,57.18,1.311246
ZUMZ,44.91,1.422933
RC,14.46,1.887968
GTES,17.39,1.36488
STAR,18.55,1.7478
SWI,18.32,1.002966
GIII,32.56,2.394108
VBTX,33.94,1.547512
WKHS,12.68,1.230042
MDP,31.15,1.574942
UTL,50.4,1.067451
CLNE,10.39,1.323844
RGNX,34.2,1.287136
DBI,17.52,2.028711
INGN,63.66,0.849249
AVXL,11.95,1.427126
OPCH,19.54,1.609401
GFF,26.91,1.406033
MGY,10.76,1.133528
LC,14.42,1.143551
RILY,71.28,1.16905
SAVA,39.59,1.178576
SIBN,35.43,1.566954
LASR,30.79,1.741245
WNC,18.52,1.178457
DMTK,38.99,1.110073
RWT,10.64,1.889509
FBMS,38.24,1.290692
CXW,8.18,1.211075
ACLS,43.97,1.497912
VCRA,39.8,0.815269
OEC,19.18,1.649802
MRSN,16.02,2.008642
MOD,16.71,2.090472
MCRB,20.46,1.21843
ATEC,16.71,1.975626
SCHN,44.07,1.11902
CYH,10.21,1.807068
USNA,96.71,1.166374
PFC,32.47,1.474081
BNGO,6.16,1.3433
DBD,14.14,1.520786
LADR,11.79,2.689717
SNDR,24.35,0.718642
ALEX,17.77,1.677974
IIIV,33.46,1.501556
MDGL,129.4,0.742246
AEGN,30.55,1.153942
SAFT,83.66,0.860439
VNDA,16.97,0.819872
CRVL,118.19,0.868098
PRA,26.45,0.602104
BKE,43.73,0.932979
GOOD,20.73,1.571187
SATS,23.84,0.940119
GWB,32.51,1.262686
YEXT,14,1.252729
USCR,63.76,1.736744
SMP,43.49,0.967845
HURN,54.63,1.1732
CAL,23.83,1.965626
LBRT,10.14,1.55314
MITK,16.41,1.169359
BUSE,25.36,1.235951
CHCO,78.74,0.827542
HEES,39.16,1.523623
KRA,38.89,1.67348
RGR,69.14,0.713624
BHLB,22.73,1.287753
FMBH,43.59,1.069367
AFIN,9.77,1.254528
STC,57.34,1.174783
SNEX,61.03,1.071428
TCMD,59.91,1.43062
ENDP,5.9,1.375508
SPTN,19.66,0.307972
CEVA,57.74,0.995471
CDXS,24.07,1.255787
FUBO,20.66,0.520305
UTZ,27.36,0.466536
ALTA,43.25,1.021962
MNRL,15.88,1.089579
CRIS,10.6,0.479943
DNOW,9.54,1.214485
DDS,100.85,1.166098
COWN,39.75,1.47806
BATRK,28.42,1.020157
ANAT,113.89,1.191393
UPLD,50.24,1.081871
OMER,18.65,0.893524
CHCT,51.55,1.319158
NBHC,39.76,0.968994
CCF,116.73,1.036224
KRNY,12.69,0.928294
WOW,14.27,1.377294
PBI,8.59,1.290931
AIV,6.67,1.456012
HZO,54.54,1.392972
QUOT,15.97,1.113545
INVA,11.7,0.981849
TBPH,21.15,0.634076
EFC,18.18,2.486553
INN,9.97,1.889585
MTW,23.13,0.98893
ENVA,32.85,1.902173
MDXG,11.21,1.186896
VECO,22.6,1.594013
AXL,9.75,2.099378
NOG,12.22,0.899395
APOG,36.14,1.613736
CMCO,53.9,1.36693
FDP,29.65,0.433522
CSTL,67.58,0.806809
DRQ,28.28,0.850768
MMI,36.63,1.194016
SBSI,40.36,0.947785
NXRT,50.47,1.283957
SWBI,17.78,0.527861
NX,27.4,1.629962
ZOM,0.9433,0.806698
GCO,48.75,2.065752
MRTN,16.9,0.968622
CARS,13.31,1.688811
HONE,14.79,0.896788
CLBK,18.66,0.741553
SYBT,51.4,0.975805
IIIN,34.93,1.389437
EIG,41.06,0.743664
OFG,24.18,1.518273
NTUS,26.5,1.095206
NP,54.24,1.225346
HMN,40.46,0.943748
GRPN,45.52,2.363341
MVBF,38.92,1.185433
FFG,56.43,0.969093
IBRX,18.74,1.170997
ANGI,16.19,1.013984
SXI,97,1.098068
EXTR,9.93,1.812538
BANC,17.54,1.426034
AGM,100.82,1.218049
TR,32.66,0.414827
PLOW,47.05,1.220919
ALEC,18.76,0.569554
HNGR,24.18,1.425167
VTOL,26.36,1.06585
REPL,31.51,1.33168
MODN,41.79,1.191862
RDUS,20.9,0.991869
ADVM,9.5,1.349682
CNOB,27.13,1.504357
DHIL,159.4,0.900774
AMRC,50.3,0.962233
FOR,25.4,1.290014
PGEN,8.07,0.777466
AGYS,50.99,1.461681
WMK,52.88,0.378069
RUTH,24.47,2.365554
VCTR,28.75,1.009659
WASH,52.92,1.024711
ARCH,46.93,0.809387
CTS,31.19,1.138884
UHT,69,1.392262
VBIV,2.93,0.97278
AHH,13.59,1.372407
RAD,18.37,0.463333
SRI,33.64,1.281536
CTRN,108.45,1.639739
TCRR,23.06,1.206151
AMPH,17.32,0.92859
KNL,24.28,1.552015
HEAR,29.38,1.042366
ACCO,8.66,1.564298
AXGN,19.11,1.201993
ALRS,30.65,0.75246
PETQ,43.19,1.101008
VREX,22.87,1.146733
DSKE,7.68,2.313739
SGH,55.23,1.062153
FIZZ,52.39,0.642016
GLDD,15.78,0.787212
MRC,8.63,1.583038
HMHC,8.8,1.748548
NFE,44.36,1.391406
TRTX,12.23,2.426672
VIVO,21.96,0.482514
CENX,15.53,1.757049
CHEF,34.74,2.698952
SAFE,66.99,1.041545
HYLN,9.35,0.408876
NPK,105.1,0.698587
TBI,23.04,0.766507
AOSL,31.59,1.4405
KIDS,54.88,0.755593
NXGN,18.84,1.445318
KOS,2.61,2.049145
KBAL,14.19,1.349647
COLL,23.26,1.117978
ALDX,10.6,1.486171
ELF,31.12,1.456482
EBSB,21.92,1.198604
ENTA,50.27,0.678072
NVEE,93.24,1.477445
YMAB,27.35,1.123275
PSN,42.69,1.111755
RYTM,20.57,0.870448
EBIX,31.39,1.8741
SCHL,31.25,1.266225
ARDX,8.24,0.802752
BOOM,50,0.859217
SESN,2.68,1.034554
OFIX,44.79,1.161994
CHUY,45.47,1.772916
FREE,13.45,0.476386
IMVT,15.44,1.2818
TCX,81.78,0.706133
ACMR,82.39,1.440607
ACRS,26.71,1.525637
CTBI,45.43,0.892571
CHRS,14.89,0.980767
GNTY,39.64,0.731781
CCO,2.2,1.960247
BMTC,44.18,1.009657
SRCE,47.29,1.127719
CAMP,13.46,1.34904
GABC,44.21,0.83568
SCSC,29.6,1.37559
ADTN,17.545,1.263834
PETS,31.83,0.48944
CTLP,11.04,0.921389
MYOV,19.94,0.862779
KDMN,3.92,0.940542
TA,26.74,1.838443
GMRE,14.45,1.32115
ECHO,31.68,0.954001
GCMG,12.81,0.352259
DFIN,30.01,1.34114
GPMT,12.9,2.638065
ATRI,654.2,0.70006
JBSS,92.78,0.582216
WINA,191.99,0.978388
ACEL,12.33,1.473761
BCOR,14.61,1.629995
ASIX,28.75,0.711916
OSPN,28.01,0.766706
SEB,3681,0.779502
TMP,79.38,0.830927
TGI,17.59,2.516959
AERI,17.65,0.977292
EGLE,44.4,1.189446
ORC,5.39,1.641351
PSNL,23.17,0.941162
GDYN,14.25,1.36148
ADN,12.18,0.39501
MSGN,16.27,0.821389
OCX,4.64,0.942739
MPAA,21.92,1.063
PRDO,11.89,1.23508
PUMP,9.28,1.837862
ARCT,36.17,0.976621
NWLI,232,1.517385
SENS,2,1.339689
AMSC,17.13,1.264631
HY,84.41,1.178611
DVAX,9.59,0.926376
GEO,5.91,0.965256
WIFI,13.935,1.116356
GNUS,1.66,1.083571
PLAB,12.7,1.120096
FBNC,42.98,1.11838
ANIK,41.52,1.135901
ANDE,28,0.806009
CAI,42.75,1.112186
DTIL,9.23,1.295952
ARR,12.2,1.763109
HVT,39.95,0.959594
STBA,33.35,0.964249
AMBC,17.13,1.338616
LILA,13.9,1.40405
CDEV,3.91,1.056668
VVI,40.15,2.368726
QNST,20.51,1.302126
CSR,71.68,1.150833
QMCO,8.45,1.689929
RBBN,8.04,1.279377
RMO,8.52,0.455316
CELC,25.32,0.922803
ESPR,27.51,0.895571
LOTZ,7.53,0.435614
RPT,12.63,1.566757
MBI,10.08,1.295385
MERC,16.86,1.013844
SELB,3.84,1.512906
HCC,17.48,0.913216
NGM,27.05,0.871695
RBNC,27.7,0.728672
FWONA,42.16,1.269037
KPTI,9.39,0.880389
LORL,38.46,1.425684
IVR,3.81,2.099242
SLCA,11.04,1.721943
CIO,11.05,1.011115
ABTX,40.71,0.944915
FOSL,12.63,1.127349
CNXN,44.38,0.835402
CUBI,32.23,1.306881
IMXI,15.36,0.994499
ISEE,6.31,1.437699
CLNC,8.68,2.617079
GTS,25.35,1.434513
OBNK,41.65,1.054838
FCF,14.44,1.047468
CRAI,77,1.297776
TMDX,28.78,0.776688
GLT,15.82,1.086354
VXRT,5.56,-1.63489
HOV,125.57,2.121253
KDNY,14.75,1.059959
NHC,71.21,0.716714
HTLD,18.87,0.760259
INSW,17.7,0.966049
LODE,3.83,0.697731
MSBI,28.38,1.0725
SNDX,15.47,0.777704
HFWA,28.39,0.915071
NCBS,79.5,0.772652
EVLO,11.54,0.891584
GNOG,14.51,0.663448
CDXC,8.15,0.696384
BCOV,19.57,0.962801
RDNT,22.26,1.640878
CSV,37.92,0.876263
HSII,38.42,0.89652
PAHC,24.59,0.947761
TILE,12.58,1.820409
TTCF,17.48,0.502709
MGPI,61.52,1.04083
ANGO,25.07,1.026486
LL,24.31,1.781418
QADA,73,1.1957
PLYM,17.78,1.249679
UMH,21.46,1.142368
CATC,84.92,0.857373
BFC,71.22,0.764532
RMAX,35.93,1.58597
KELYA,23.72,1.063873
BPFH,14.91,1.356602
FCBP,24.75,1.096372
CSTR,17.98,1.140705
ALT,12.44,0.092747
AGX,50.75,0.61226
HLIT,7.755,1.073614
LBAI,17.5,1.087518
CIR,33.79,2.007743
IBIO,1.33,-4.46159
BY,22.4,1.455639
SRRK,34.46,-0.37933
STOK,31.58,0.568994
NLTX,12.35,0.924491
RRGB,33.32,2.262948
ECOM,23.92,1.063756
CLW,33.69,0.941134
AMNB,33.24,1.048473
STXB,24,1.094013
VAPO,21.74,0.860317
CMTL,24.87,1.593925
MORF,55.14,0.797617
GOSS,8.28,1.041686
PAYA,10.7,0.476123
GRC,34.03,1.052298
PEBO,33.85,1.073415
UEIC,55.41,1.133435
AGEN,3.05,1.283905
GPRE,24.98,1.462918
TPC,16.54,1.190254
LDL,33.32,2.060785
RUSHB,44.94,1.279507
CMRX,8.545,1.086447
KOP,34.21,2.122147
PQG,16.66,1.043732
UFCS,32.25,1.021692
BBSI,70.29,1.45668
HLX,4.47,2.331436
SRDX,58.2,1.040591
PARR,14.21,1.426539
HWKN,33.69,0.932487
MCRI,66.86,1.878519
RICK,65.35,1.938557
BRKL,15.785,1.025456
AQB,5.85,0.73204
FLXN,8.16,1.528542
ORBC,11.5,2.279302
FFWM,23.91,1.259151
AKTS,11.75,1.215632
FFIC,22.86,1.237482
TPB,48.05,0.823754
ONCT,6.35,1.325086
HSTM,22.38,0.864185
XENT,21.17,1.602872
FVCB,17.54,0.853523
SP,33.01,1.589682
MYE,21.78,1.378333
BLFS,33.17,0.910904
BMRC,35.93,1.140239
PFBC,67.28,1.080052
GCI,4.87,2.262312
BATRA,28.94,1.014314
APEI,32.4,0.651932
TNXP,1.04,-0.84132
SCU,22.52,1.668983
ATRS,3.96,1.459145
HMST,42.85,1.043545
CBTX,32.07,1.125383
BCEL,11.96,0.719871
HCI,72.87,0.903446
VLDR,14,0.523685
AMAL,16.62,1.040541
GSAT,0.9204,1.171878
EPZM,7.79,1.186597
AVID,21.23,1.213293
APTS,10.46,1.279484
ANAB,23.61,0.829325
LLNW,3.55,0.817008
GTHX,22.26,1.27247
BFST,23.28,1.53772
NVEC,69.9,1.039245
GERN,1.43,0.497446
LOVE,70.47,1.380323
KREF,19.65,1.547241
FLIC,21.5,1.072529
NFBK,16.18,0.994545
CLVS,6.09,1.427284
BOMN,26.56,0.825593
INSG,9.17,1.252332
UAVS,6.25,1.261378
MBWM,32.24,1.028777
PLYA,7.6,1.280449
WSBF,20.46,0.871751
AMSWA,20.26,1.133498
EBF,20.97,0.815434
CRMT,149.01,1.808356
CRTX,38.26,0.628036
AKRO,28.96,0.827301
MTEM,8.78,0.868431
DCO,57.88,1.640919
OSUR,9.4,0.293985
SCVL,63.73,1.835208
RBB,20,1.05503
PACK,18.08,0.937069
AVD,20.05,1.123706
WETF,6.465,1.381007
MPX,17.45,1.006565
AKBA,3.07,1.527327
NEX,3.29,1.588637
MCFT,29.44,1.815315
LMAT,53.55,0.938204
CATO,14.36,1.080214
CENT,57.11,0.832507
BZH,19.87,2.0187
ICPT,21.17,1.15791
VRS,15.49,1.246472
AMTB,18.23,0.831077
TVTY,24.21,1.919196
FC,30.66,1.284093
CTO,52.07,0.859476
VERI,26.34,1.26779
ALX,279.35,0.938944
YORW,51.58,0.946582
INTZ,15.53,0.785857
RCKY,58.85,1.038066
CONN,19.5,1.544935
ATHX,1.68,-0.07444
CVI,19.26,0.996973
FRGI,14.41,1.368494
PCB,14.8,0.853817
THR,18.24,1.129472
EVER,33.6,1.085945
GSBC,56.16,1.035288
MLR,45,0.738138
BHB,29.48,1.019968
RGP,14.1,0.915138
CNR,13.91,2.004228
DSPG,14.13,1.035132
FCBC,29.02,0.897177
FSP,5.5,1.264684
CNSL,6.88,1.326663
HROW,8.26,1.251744
OPRX,50.34,0.873417
VKTX,6.02,0.973831
BSET,26.74,1.289727
KOPN,8.46,1.425328
ETH,28.81,0.95791
KIRK,29.43,1.276113
AVNW,31.73,1.19486
RCEL,20.38,1.474073
VVNT,12.65,1.16935
CNST,22.1,1.26575
SPWH,17.58,1.013093
UVSP,27.72,1.10334
CASS,46.5,1.021039
GHL,18.63,0.947743
AVRO,11.34,1.172791
GOGO,10.85,0.736103
VEC,52.86,1.163668
AMK,22.35,1.371096
NBR,84.89,1.341576
HBNC,18.69,1.423278
FMAO,23.64,0.853594
QTNT,3.82,1.28285
PCSB,17.21,0.980056
VIACA,46.54,1.056698
PDFS,18.41,1.268076
HCCI,28.53,1.318222
TEN,10.75,2.617121
FDBC,56.2,0.681749
CCRN,13.63,0.538368
CBB,15.42,0.539675
DGII,18.43,1.365037
TWI,11.01,0.952124
CPS,31.45,2.119145
BPRN,27.02,0.844928
PAE,7.89,1.05859
RRD,6.05,1.519387
JYNT,54.42,1.397454
AMRX,5.68,0.799135
SRG,18.26,2.280507
UFI,27.83,1.494197
ZIOP,3.3,0.860276
LQDT,18.32,0.632914
CPRX,4.67,1.281711
BCML,18.24,0.934441
AUD,4.9,1.605688
QCRH,48.37,1.207899
THFF,44.29,0.965977
FRTA,23.45,1.78656
RMR,39.76,1.361951
YCBD,3.85,1.287971
HCKT,17.14,1.225399
AMPE,1.79,0.772721
HTBI,26.14,1.220585
RLMD,36.84,0.930532
ATNI,48.95,0.610054
CAC,47.57,0.804412
HT,10.47,2.766372
NRC,48.51,1.054715
CURO,13.39,1.957322
PROS,12.65,0.62773
AAIC,4.13,1.965066
TITN,25.7,1.05238
GDP,9.73,1.10626
ATRO,17.19,1.981266
RGS,12.56,1.655807
ATEX,46.29,0.941044
NEXT,2.25,0.846892
TIPT,14.9,1.02625
TRNS,50.1,0.590426
NLS,16.05,2.218785
TBNK,26,0.975141
SYRS,6.54,1.060862
FRPH,51.88,0.957364
LE,25.53,1.331175
FBIO,4.27,1.455918
KNSA,16.43,0.768218
IBCP,23.18,1.308854
FLWS,23.98,1.203028
STRO,20.28,1.238605
AMOT,54.01,1.629379
OLP,24.52,1.155758
UFPT,50.36,0.973335
WTBA,24.69,0.92469
EPM,3.27,0.973815
ARAY,5.33,1.184946
CRNX,17.18,1.036718
CMLS,9.49,1.377801
MRNS,14.34,0.577076
ASXC,1.89,1.166088
KE,22.38,0.995895
CTMX,9.16,1.068593
TRST,7.45,1.152674
SYX,45.72,0.73274
NCMI,4.64,1.522816
TSC,23.57,1.319387
FGBI,17.5,0.528162
LAWS,52,1.075022
BTAI,34.5,1.430902
ALBO,31.36,0.750357
SNR,6.63,2.174535
OPY,47.41,1.196388
RVI,19.67,1.702722
CPLG,9.67,1.624836
CTT,11.35,1.386397
TMST,11.83,1.221767
RBCAA,45.33,1.076747
SFST,49.87,1.171017
BXC,48.98,1.540249
XXII,5.15,1.019636
RYAM,9.38,1.278853
FORR,44.14,1.347564
INFU,22.27,1.311812
SXC,6.65,1.070169
STIM,11.5,1.738606
IHC,44,0.944647
CMO,6.45,1.975368
ZIXI,7.37,1.956564
BFS,41.39,1.516093
DMRC,35.88,1.320813
TYME,1.51,1.068724
TG,14.93,0.995347
SENEA,46.78,0.89797
LUNA,11.33,1.401589
PRTY,6.62,2.091655
KALA,8.07,0.91028
TRCH,1.815,0.744458
VYNE,5.18,0.608665
USM,35.75,0.895993
CHS,2.98,1.90935
WTRE,34.82,1.050955
AROW,34.4,0.941163
AXTI,11.08,1.19812
OIS,5.54,1.81846
CUE,12.2,1.130332
BV,18.04,1.461915
KALV,24.47,1.051793
VSEC,44.05,1.298427
HIL,2.76,1.43398
CODA,7.86,0.862949
TDW,12.7,1.415005
MCS,20.55,1.736911
SOI,10.27,1.327065
STRL,20.72,1.262378
ACRE,14.36,2.269964
CMBM,60.77,0.653234
XCUR,1.8,1.494912
LTRPA,5.18,2.334191
REVG,20.49,1.170126
VERU,9.005,1.043015
VRAY,4.6,0.716967
VRTV,42.39,1.522447
CLDT,13.51,2.058002
CLPR,8.21,1.08647
CLAR,18.67,0.888425
LFMD,8.78,-0.44233
BNFT,14.21,1.485253
LIVX,3.99,0.91838
HZN,8.22,1.544341
FLNT,3.64,1.75975
OTRK,32.13,1.236428
SUP,5.12,1.854969
ARTNA,40.35,0.673328
UVE,13.92,1.020703
WLFC,42.74,1.733529
RM,38.8,1.639942
SIC,7.73,1.507663
OSBC,12.96,1.098455
PFIS,42.48,0.779042
NRIM,42.41,1.22994
KRO,17.21,1.006254
ARLO,6.4,1.500531
BW,7.94,1.549826
TRUE,4.27,0.974032
HGEN,15.87,-0.31102
MTRX,12.85,1.19409
HOFT,34.92,1.239729
SND,2.44,0.911358
CRDF,8.69,1.203625
DSSI,9.75,0.874862
BGSF,14.18,1.699849
XOMA,37.29,0.988191
NSSC,34.68,0.812265
STFC,19.19,1.147418
ATEN,9.42,1.270944
WLDN,39.28,1.511622
LOCO,17.21,1.310603
ASPN,18.59,1.109673
MOV,31.02,1.343447
SMBC,40.21,0.833433
HAFC,20.48,1.245084
SPPI,3.02,1.000105
MBIO,3.15,1.137344
LIND,17.56,2.160619
TACO,11.64,1.764805
FLMN,4.43,0.972949
ANIP,32.95,0.935222
PGC,31.7,1.559182
PKOH,34.75,1.492249
INS,38.39,0.831399
TPHS,2.03,1.603133
POWL,35.02,1.160446
VPG,32.4,1.259665
CODX,8.95,-1.99436
IPI,30.13,1.145055
DX,19.51,1.171024
YELL,8.73,1.335959
VOXX,17.69,1.274622
LNDC,11.65,0.677838
HBCP,37.3,1.106221
NPTN,11.91,1.194262
DLTH,15.88,1.200155
SBT,5.03,1.37163
BTU,4.17,0.821226
EGRX,44.04,0.78701
NKSH,35.86,0.753931
FISI,30.56,1.296586
MCF,3.72,1.24035
NWPX,33.24,0.959791
BBW,8.13,1.322228
ENOB,3.52,0.754085
CLFD,36.73,0.948928
STRS,35.51,0.96256
FMNB,16.58,0.876865
PBYI,10.17,1.12856
MMAC,16.62,0.84496
ALTO,5.13,0.838887
BNED,7.58,2.128603
PRTS,16.88,1.318243
HURC,33.92,0.923928
GPX,16.16,1.211383
DXPE,29.4,1.723401
ATLC,34.95,1.913036
CUTR,29.47,1.57686
WTI,3.04,1.059665
ALTM,57.14,1.933846
PRVB,7.81,1.343908
ODC,34.46,0.667697
PCYO,15.91,1.076724
NR,2.9,1.61234
CPSI,30.26,1.100654
EBTC,34.1,0.884029
CBAY,4.44,0.802292
SCPL,18.15,0.537465
PVBC,15.43,0.828032
EQBK,30.61,1.027525
TCS,15.47,1.172376
GSKY,5.98,1.358101
CPF,27.3,1.363459
BGFV,18.03,2.201992
HAYN,28.5,1.053836
GNK,14,1.266819
SSTI,35.17,0.90391
APYX,10,1.078199
TISI,9.7,1.051136
EZPW,5.06,0.962797
UBA,18.1,1.61838
SRTS,3.725,0.915257
KODK,7.48,1.942847
CIA,5.69,0.481035
UG,15.05,0.770726
PWOD,23.54,1.053464
MCBC,9.96,0.892366
SBOW,9.09,0.919207
BCEI,30.51,0.855636
ATOM,21.78,1.396199
MUX,1.15,1.196469
FNLC,28.54,0.806116
STXS,7.74,1.084557
WSR,9.76,1.326486
WTTR,4.71,1.576426
CYBE,29.63,1.042614
BSRR,27.95,1.229595
MOFG,30.53,1.220627
CVGI,9.9,1.371298
PIRS,2.28,1.062799
OSW,10.25,2.173624
CRK,4.89,0.903198
ADES,5.02,1.434927
GLRE,9.1,1.127862
RYI,14.93,1.445427
FRST,14.51,1.29563
VNTR,4.69,1.549774
CEIX,9.08,0.706819
RFL,40.35,1.339407
PKE,13.5,1.0115
CCNE,25.22,1.012766
ZEUS,28.43,0.808201
VHC,4.93,0.717716
IDT,22.9,1.198957
OPTN,3.76,1.30695
LAKE,29.07,-0.1258
IVC,8.85,1.376625
DLA,29.15,1.37943
FF,12.82,0.923019
ESTE,6.6,1.373723
FPI,13.48,0.72426
LYTS,9.3,1.435942
CCBG,25.71,0.984024
LPG,13.09,1.101728
CWBR,1.38,1.23793
NBEV,2.23,1.687994
EEX,5.28,1.480171
FI,3.34,0.234161
CZNC,24.33,1.010534
ATLO,25.34,0.879051
KVHI,13.53,0.817226
IMMR,8.71,1.093472
MGTA,10.9,1.400317
MRKR,2.27,1.017699
FNKO,21.15,1.202389
RES,4.77,0.858996
ACNB,27.35,0.907397
AXDX,7.86,1.843557
NNBR,7.71,1.983227
TSBK,27.45,1.2348
SMMF,25.45,1.054076
SMHI,4.96,1.577497
HFFG,6.6,0.446429
SIEN,6.83,2.360352
TTI,2.56,1.22989
DAKT,6.09,0.969108
PLBC,27.72,0.971953
BWFG,27.68,0.918111
SGC,24.79,0.878616
AJX,12.09,1.724037
CASA,9.04,1.248613
ACBI,26.22,1.281243
EVI,27.91,0.903006
CIVB,23.21,1.164868
ORRF,23.75,1.02051
FBIZ,24.65,1.12043
FLDM,4.69,2.02748
MTNB,0.8846,1.107792
BRY,6.01,1.176763
OCN,26.86,2.00721
IRMD,26.28,0.897647
CDZI,11.05,0.583331
EVC,3.87,0.80592
VSTM,2.8,1.142798
XONE,24.04,0.821295
PTVCB,22.95,0.803797
VLGEA,24.8,0.326365
SNCR,3.38,0.422192
VRA,11.3,1.799453
HYMC,3.92,0.353164
ESCA,22.25,1.029517
IIN,25.21,0.867679
EML,24.9,1.129636
CECE,7.58,1.146341
CNTY,10.68,2.740662
ULH,24.05,1.181397
TLYS,12.09,1.423474
ATNX,4.03,1.109975
WNEB,7.87,0.877938
TXMD,1.17,1.162554
TAST,5.81,2.198086
WTER,1.09,1.578974
TALO,11.11,0.999552
SMBK,23.52,1.105677
CTG,11.57,1.063946
GNSS,7.1,0.791895
CVLG,19.56,1.346199
MRLN,21.62,1.598101
CLPT,19.84,1.086504
KZR,5.69,1.296475
CLXT,5.51,0.839819
SPNE,22.01,1.615074
HWBK,21.37,0.709422
DRRX,1.77,1.399734
GFN,18.98,1.655918
NDLS,10.51,1.914369
REI,1.97,1.420292
ADMS,5.45,1.377143
AGS,8.13,2.999429
BEEM,34.47,1.2914
GAIA,10.53,0.884934
PFBI,19,1.044695
MG,11.05,1.325622
LAND,21.14,0.793331
TELL,1.91,1.389908
SPOK,10.73,0.62322
AMTX,18.08,0.439125
LEU,20.87,1.211781
ICAD,18.53,1.134012
LCI,4.92,0.657106
SGA,21.54,0.867245
ALSK,3.29,1.039305
BDSI,3.48,1.02339
PKBK,19.97,1.672743
RLGT,6.58,0.964485
JNCE,9.15,0.850823
ISTR,21.45,1.065446
SIEB,3.91,0.703322
WEYS,21.05,0.99206
UNTY,21.43,1.036945
EGAN,9.9,1.346768
PZN,10.23,1.164319
NATR,19.81,0.868816
BRG,9.63,1.541707
AMPY,2.42,1.904636
SPKE,10.33,1.201909
JAX,10.08,1.58261
ITI,6.77,1.353688
LCTX,2.47,1.020357
APT,10.15,-1.77488
CVCY,19.54,1.096556
MGI,7.19,1.341029
LINC,6.45,0.856822
OOMA,16.99,1.205139
HYRE,13.66,1.434167
LEE,31.97,1.031647
LMNR,17.43,0.87929
LPI,33.65,1.360824
OESX,6.36,1.375822
FIXX,6.78,0.751574
ARPO,1.15,0.72075
CVLY,17.62,0.682266
AMRB,19.9,0.880452
INOD,6.41,1.232377
CTSO,9.1,1.090515
AWH,6.04,1.043991
BRT,17.99,1.188771
LCNB,17.97,1.001649
FCCO,19.05,0.645406
SHBI,16.61,1.032544
ESXB,8.37,1.04687
FNWB,16.26,1.040172
HCHC,4.09,1.627898
EXTN,3.03,1.315449
FUV,10.54,1.031571
LXRX,4.97,0.633738
NOTV,21.12,1.047442
PBPB,5.99,1.605994
MSON,19.28,1.527412
FCCY,18.79,0.962495
BELFB,17.33,1.466413
SMED,15.9,0.907681
GORO,2.83,1.128502
SCOR,3.47,1.483546
ORN,5.74,1.034781
NXTC,9.5,0.99037
LFVN,8.61,0.934491
STKS,8.99,1.853578
FONR,17.9,0.908923
MLVF,18.25,0.660966
EXPR,3.15,1.324663
AFI,5.47,1.101287
CARE,13.42,1.429635
XBIT,16.91,0.90995
TRC,15.28,0.841039
FSTR,16.4,1.06301
FUNC,17.6,0.914436
ZYXI,16.18,0.855436
WHG,16.73,1.190905
ACET,14.19,1.048569
CDR,15.36,2.153476
ALOT,17.87,1.056156
GROW,7.86,1.37271
LCUT,14.94,1.285569
OVLY,17.55,0.69504
GBL,18.53,1.034716
DGICA,16.25,0.791212
HARP,20.53,0.711708
WTRH,2.56,-1.60661
AAOI,8.27,1.055864
INVE,14.57,0.967089
PRTK,7.78,1.042088
TREC,7.71,0.941228
HIFS,298.15,0.724882
PROV,16.6,0.872274
GEOS,8.19,1.425982
INFI,3.09,1.166479
MNTX,8.16,1.208017
MNOV,4.43,1.573362
ESSA,15.34,0.705743
PHAS,3.03,1.493282
IEA,12.9,1.173487
TPCO,17.44,1.342663
NCSM,23.99,1.506868
DS,3.04,1.18801
USAK,15.25,1.152619
ACR,15.35,2.906109
WVE,6.07,-0.02214
BBQ,14.54,1.55765
PAYS,3.96,1.556624
FSTX,9.44,1.265283
RMNI,8.34,0.89971
RVSB,7.34,0.953423
CRBP,1.73,1.118679
SHSP,15.72,1.271625
SAMG,15,1.10124
TZOO,15.15,1.726252
GHM,13.47,0.767857
CBAN,14.85,0.715804
BOCH,13.03,1.144296
PFSW,7.18,1.229439
BCBP,13.86,0.762498
III,4.39,1.143896
FFNW,13.8,0.985166
ACRX,1.23,1.386034
MN,7.13,1.183228
CKPT,2.83,1.090702
PHX,2.29,0.777256
PVAC,12.53,2.216704
TCDA,4.67,1.25165
EVOK,1.76,1.069406
UBCP,15.27,0.74295
IVAC,6.85,1.1687
PBIP,13.75,0.828587
HMTV,12.8,0.895926
SCWX,13.51,1.014465
TUSK,4.17,0.079232
BHR,5.93,2.268279
LPCN,1.47,1.009387
ALIM,10.7,1.154964
ENZ,3.26,0.627446
FRBK,3.99,1.221676
GSIT,6.43,0.820648
DHX,3.11,0.613739
IDYA,19.93,1.101015
FET,18.8,1.580107
FBRX,34.24,0.757805
ASMB,4.3,0.611429
LXU,6.26,1.305802
IEC,12.15,0.916281
INTT,13.17,1.146848
MEC,16.56,0.896214
DWSN,2.25,1.142658
ELOX,2.21,1.416923
GLYC,2.52,1.263286
GENC,12.09,0.827436
RDI,6.08,1.632248
REV,11.77,1.504224
TACT,11.9,1.688458
ISSC,6.24,1.139838
SLCT,11.85,0.830813
DZSI,14.55,1.330259
CLSD,2.93,1.550775
MIRM,18.82,1.204553
SRGA,1.97,1.796726
ZDGE,13.9,0.555509
OVID,3.67,0.939089
UTMD,88.1,0.823112
CNBKA,114.14,0.849511
CMT,11.5,1.363692
NICK,10.42,0.704773
CWBC,12.5,0.81764
SVBI,11.77,0.855398
UTI,5.74,1.13729
GNE,5.84,0.751164
CSSE,31.33,1.092829
XERS,4,1.477078
CRMD,8.28,1.703872
MLP,11.26,0.929725
VWTR,8.98,1.069626
RVP,10.37,1.410427
GALT,3.91,0.958264
FRBA,11.12,1.106125
QUAD,3.81,1.27942
EARN,12.19,2.025788
PSTL,18.97,0.809322
SPRO,13.18,1.018301
EKSO,5.7,1.033108
GTYH,5.7,0.594049
SYNL,10.01,0.283019
FEIM,10.77,0.748356
ASYS,10.66,0.987935
SNFCA,8.56,0.724698
PCYG,5.29,0.726064
MEIP,3.46,1.192238
BWEN,5.23,1.07685
HWCC,5.31,0.854537
VYGR,4.67,1.275688
ALNA,1.15,1.361404
LQDA,2.84,0.742622
XELA,1.92,1.187722
TSQ,9.87,0.994193
BBCP,7.65,0.934402
EIGR,8.43,1.478261
LIQT,7.72,0.991588
STCN,2.05,0.847762
LEAF,9.11,1.102118
TWIN,10.09,1.023359
ETON,8.12,1.324299
SLDB,5.08,0.727
USAP,9.09,1.056865
RNWK,3.46,1.763295
PCTI,6.67,1.0604
VTGN,2.04,0.906213
RNET,8.79,0.957102
WMC,3.01,2.068824
PFMT,2.42,0.995262
CHMI,9.84,2.330476
HOOK,12.34,0.749396
FUSB,9.91,0.630205
BKTI,4.91,1.181344
AGRX,1.82,1.268681
DMAC,9.74,1.218079
KIN,4.75,1.411758
LAZY,22.57,1.407969
RIVE,10.48,1.401377
USLM,144.6,0.944369
CPSS,4.36,1.327284
PTN,0.6039,0.869609
UBFO,8.09,1.098723
SRT,8.26,0.891705
PMBC,8.62,0.981005
PXLW,3.19,1.259815
FVE,4.7,1.303782
MCHX,3.06,1.192116
ARC,2.25,1.270424
ELMD,10.04,1.511806
WATT,3.32,1.38456
PAVM,4.71,1.31673
STND,32.82,0.757565
PWFL,7.92,1.452947
AEYE,24.78,1.675717
CNCE,4.38,0.89321
EOLS,9.17,1.266333
RELL,8.52,0.868815
ULBI,8.26,0.952012
CTHR,2.91,0.500935
FTK,1.4,1.131868
HBP,4.42,1.208254
SREV,1.36,1.36268
OEG,4.17,1.273063
MWK,23.77,1.242566
AQMS,2.94,1.479351
MACK,7.69,1.413196
ASRV,4.18,0.705476
LJPC,4.13,1.506571
IDN,8.45,1.907144
MHLD,3.42,1.730929
AGLE,7.82,1.457391
HQI,18.5,0.659358
SCYX,7.32,1.031626
CSU,40.83,2.147269
SD,3.93,1.497819
PESI,7.33,1.087414
LUB,3.56,1.682537
SFE,6.13,1.089711
KTCC,7.78,1.270537
NL,7.52,1.493978
CRWS,7.79,0.679576
FRD,8.26,0.701171
CSBR,10.9,0.883976
HALL,4.04,1.750444
CSLT,1.54,1.080969
CPSH,8.09,1.449454
LFT,3.77,1.514905
SPFI,21.34,0.865679
LMB,10.4,0.523374
ZVO,3.7,1.213113
UAMY,0.884,0.635666
DJCO,309.74,0.715194
TESS,7.81,0.681996
ENG,3.7,1.45106
IRIX,7.71,1.414276
FXNC,18.49,0.611473
KINS,8.41,0.675059
ASPS,6.53,0.896333
AUMN,0.7026,1.097928
MITT,3.78,1.840926
NWHM,6.06,2.696052
WYY,8.87,0.895271
PPIH,6.61,0.604645
FGF,7.48,0.532532
CORR,6.21,1.460226
NH,2.7,1.062719
AP,6.95,0.890393
ITIC,166.1,1.231496
NHTC,7.09,1.233849
AWRE,3.42,0.584721
RMTI,1.06,0.993051
BCLI,3.46,1.239223
UIHC,6.16,0.832178
FSBW,67.01,1.282178
ORGS,5.17,0.869283
APLT,16.58,1.148294
FULC,11.45,1.220722
WPG,2.13,1.49024
KFS,4.5,0.43767
AGFS,2.08,1.344728
OMEX,6.51,0.605306
AC,34.82,1.142049
CALA,2.21,1.211609
QUMU,5.85,0.838522
ISR,0.903,0.790718
DXYN,3.26,1.208714
RFIL,6.55,0.933434
KRMD,3.44,0.820884
PMD,7.04,0.791439
ASUR,8.1,1.012936
ACTG,6,0.722606
IGC,1.6,1.849684
EYEN,5.29,0.870186
BSVN,17.24,1.207329
CBMB,14.22,0.472292
XAIR,5.53,-0.08565
UONEK,2.03,1.327054
AYTU,6.79,-0.16985
SMSI,5.44,1.14601
OSS,5.3,1.59874
MTBC,8.05,1.215401
SCX,6.02,1.029626
NATH,66.3,0.941879
SYPR,4.47,0.811151
HDSN,1.98,1.166116
EMKR,6.54,1.457902
RAIL,6.67,1.606006
CHRA,6.22,0.80561
PRTH,6.79,0.933071
USWS,0.7161,1.980712
CTIC,2.45,0.95635
EYES,7.42,1.491921
TRVN,1.73,0.826634
SRAX,4.08,0.600567
FNHC,5.13,0.729278
RMCF,6.07,1.431126
DAIO,5.67,0.956508
JCS,5.975,1.030472
REFR,2.7,1.09879
PLPC,65.45,0.860815
PTSI,59.46,1.58201
GTIM,4.95,1.117226
FLL,8.7,2.104475
BTN,5.13,0.972846
INDT,60.54,0.755594
EMAN,2.74,0.936774
HNNA,9.37,1.003592
CFMS,0.9431,0.952295
CYCN,2.91,1.136573
KLXE,9.06,1.863159
SELF,4.84,0.700591
APTX,2.72,1.170154
SLGG,5.53,0.518739
NERV,2.53,1.245575
CASI,1.68,0.252731
ABEO,1.62,1.050138
AVEO,7.01,1.265824
ZYNE,4.21,1.151294
FTEK,2.32,1.58854
SGMA,5.28,1.042942
STRM,2.25,1.09036
GIFI,4.17,0.671017
LTRX,4.72,1.387389
JVA,4.74,0.742576
OTIC,2.29,1.194008
MSVB,15.7399,0.810734
RBKB,10.66,0.848843
KLDO,6.68,0.318592
MNSB,20.91,0.561688
AMR,13.82,1.507658
METC,3.96,0.854054
PHUN,1.49,1.138758
CFRX,4.13,0.962635
AGTC,4.24,1.304633
CFBK,19.84,0.598764
ANIX,4.7,0.754471
AQST,4.11,1.512224
LOGC,5.77,0.936619
ACU,45.36,0.433571
EVBN,35.32,0.866779
CHMG,42.8,0.977142
LWAY,5,0.95778
CVU,4.46,1.442111
ISNS,4.3,0.910988
DVD,2.15,0.652641
AEHR,2.33,1.120855
NTWK,4.34,0.951472
HSON,17.3788,0.691085
AHC,2.16,0.835749
SANW,3.84,0.417163
TRMT,6.16,1.344366
ODT,3.39,1.020211
VTSI,5.69,1.102674
INMB,11.95,0.99548
HSDT,17.28,1.262251
TCFC,33.93,0.807469
MRBK,25.1,0.836704
MBII,1.8,0.817629
LUMO,13.44,1.178513
CHMA,2.86,0.878
ONVO,9.39,1.324125
QRHC,3.9,1.040121
AXAS,2.05,1.168924
ACOR,4.7,0.691475
RCMT,3.54,1.442856
BMRA,4.4,-0.97525
HNRG,2,0.989998
VOLT,3.87,1.397171
CVV,4.16,1.544388
WTT,2.03,1.07141
SEAC,1.16,0.922126
NTIP,3.37,0.580716
CEMI,3.81,0.540672
MARK,2.03,1.263494
INBK,36.42,1.37625
VNRX,3.3,0.846989
AFBI,12.45,0.695989
ARDS,5.855,0.902593
NBN,29.76,1.213656
NINE,2.02,1.233555
RESN,3.58,1.113764
AMRK,37.06,0.761725
RNGR,5.5,0.920075
EVFM,1.49,0.742309
BH,132.31,1.661312
ECOR,1.8,0.979254
OPNT,11.63,0.7526
FFBW,11.22,0.661131
HVBC,19.71,0.804046
IZEA,3.79,0.72995
ATXI,4.8,0.854318
EQ,6.07,0.803884
RGCO,22.52,0.617243
NWFL,25.56,0.712301
UNB,32.59,0.950893
OCC,3.4276,0.734908
ASRT,0.5269,1.214432
CFFI,41.37,0.78118
FCAP,45.52,0.922139
SOHO,2.99,1.777929
APVO,25.53,1.957164
CPIX,2.96,0.531948
PPSI,4.07,1.355694
PFIE,1.15,0.805052
VERO,1.87,1.601161
GNLN,4.66,1.062442
FRAF,29.87,0.967934
QUIK,6.71,1.161778
AVCO,1.04,1.005962
EYPT,9.75,1.029293
JILL,8.16,1.141083
COHN,31.51,0.930018
OSMT,3.04,1.202287
NOVN,1.31,0.735587
PANL,3.03,1.053503
REPH,2.99,1.208765
VIRC,3.08,0.883527
FORD,2.7,0.859633
EDUC,17.26,1.005896
ADMA,1.9,0.85324
CLRO,2.54,0.543877
NTIC,14.4,0.988637
WSTG,24.68,0.766462
AUBN,36.06,1.006127
MLSS,2.5,1.036139
LPTH,2.77,1.024934
XPL,0.7248,0.807405
MHH,17.06,1.432455
HBMD,16.02,1.036652
MBRX,3.5,1.185705
NMTR,1.16,0.8116
RDVT,22.37,1.072763
BCOW,14.4862,0.761008
FSEA,9.9,0.78164
BLCM,3.16,1.790857
VABK,33.355,0.519798
CDTX,2.23,1.051858
LIVE,29.96,0.984803
VTVT,2.5,0.903867
ICCH,16.335,0.662482
VERB,1.23,0.978603
CDOR,3.65,1.199723
SUNW,11.24,1.481712
MIND,2.35,1.276125
ICBK,23.78,0.901283
SPRT,3.68,0.719547
TTOO,1.37,1.607432
MSN,1.15,0.421496
ALCO,29.42,0.608462
PEBK,23.14,0.650396
BKSC,20.8427,0.796571
CBFV,21.31,0.776031
IMBI,7.62,0.907622
LARK,25.42,0.763685
HMNF,20.47,0.539102
OVBC,23.02,0.932693
MPB,25.51,0.813728
GFED,24.72,0.726139
EVOL,2.48,0.845169
UBOH,27.75,0.634603
SALM,2.15,1.133523
BSQR,2.6,1.212712
EBMT,23.4,0.724555
VTNR,1.37,1.506332
CERC,2.55,0.821997
FPAY,2.75,1.366068
SNGX,1.42,0.860274
AESE,2.645,0.905885
NEPH,7.8,0.717823
AZRX,0.8442,0.849742
GEG,2.7,0.994887
CMCT,11.73,0.968085
NEON,8.6,1.167454
PTE,1.03,1.00045
AE,26.71,1.239943
PDEX,26.88,1.001467
IO,2.22,1.142428
AEY,2.03,0.998002
SBFG,17.65,1.045906
IMH,2.15,1.620429
BYFC,2.07,1.066977
NAII,15.28,0.859966
OPOF,21.29,0.994604
GCBC,25.49,0.450454
AUTO,2.64,1.579908
CIZN,19.4,0.532264
MFNC,21.48,0.952794
DYAI,4.92,0.507122
SSBI,16.6,0.850353
FSFG,68.5,1.087958
IROQ,22.6,0.6194
LRMR,14.35,0.881922
SCPH,6.78,1.064792
JRSH,6.84,0.636025
ICON,1.94,1.061738
CIDM,1.36,1.802433
VNCE,11.62,1.77169
NAVB,1.64,1.174682
SQBG,20.3,1.253808
PBHC,15.1,0.43816
XFOR,8.62,0.74028
IDRA,1.13,0.918586
CGRN,8.36,1.234493
CLBS,1.63,1.227997
SUMR,14.27,1.878979
SOLY,16.23,0.8733
AHT,1.88,0.744211
CTEK,1.72,1.165178
OBCI,13.52,0.250106
ESP,16.07,0.381146
NC,22.47,1.057695
PW,43.48,0.850583
GVP,1.55,0.924846
SGRP,1.75,1.137222
ALJJ,1.36,1.586366
QADB,52,0.9555
BOTJ,14.448,0.884665
MBCN,22.64,0.882334
CZWI,13.22,0.858888
INUV,0.7706,1.228555
MGYR,13.35,0.350749
LSBK,14.475,0.603144
SFBC,40.3,0.998349
CLIR,4.37,2.035435
EAST,1.83,1.350346
TRVI,2.34,0.579734
BIOL,0.7491,2.419781
ISIG,5.33,0.623045
IPWR,10.03,0.792227
ADMP,0.7531,1.08522
RIBT,0.917,0.71186
NNVC,4.18,-0.08839
LMST,15.55,1.234913
ATNM,7.83,0.87248
TGLS,12.47,1.817928
MICT,1.65,0.184352
PZG,1.05,0.983771
PATI,11.1799,0.753784
NVFY,2.87,1.495752
ALPN,12.07,0.934758
ARAV,5.3,1.476925
KSPN,22.51,0.724864
RBCN,10.5,0.477795
AGE,1.42,1.212593
KERN,3.98,1.980454
JAKK,7.04,0.535447
VALU,30.3,0.966157
CSPI,9.48,1.368379
ARL,8.18,1.532565
AXR,10.5,0.56516
AIRT,21.56,0.71979
TAYD,11.9,1.142501
PNRG,47.91,1.24477
SIF,14.27,1.150437
BRID,14.68,0.77115
DLHC,10.53,1.083225
ESBK,13.5,0.564305
SAL,42.9,0.822498
ICCC,10.65,0.174811
ISDR,25.575,0.739072
WVVI,9.65,0.72659
CPHC,13.68,0.721864
KFFB,7.1694,0.616602
DIT,148.3746,0.651901
GLBZ,12.5,0.518796
CIX,24.08,0.655651
REED,0.9404,1.533432
EMCF,28.1481,0.604942
HFBL,16,0.669619
AIRI,1.31,1.183571
SDPI,0.7996,1.034093
MOTS,1.14,1.587283
VCNX,2.47,0.581218
USIO,6.46,0.718984
YMTX,18.07,0.731286
TH,2.88,1.927343
OSG,2.28,0.93675
BTX,16.16,0.979584
SSKN,1.75,1.127042
USEG,3.96,1.3767
MDLY,5.05,1.707764
CAPR,3.92,0.847674
APDN,6.76,-0.01681
MRIN,1.55,1.035167
LTBR,5.21,1.074722
AINC,8.22,1.951786
TLGT,0.5796,1.110016
RHE,4.03,1.023964
HUSA,1.63,0.81557
CBLI,5.22,-0.60433
PLXP,11.07,1.204271
ICD,3.33,3.561308
GNCA,2.82,0.963141
PTVCA,22.93,0.538242
RAVE,1.35,1.050447
IMUX,14.6,1.410511
OBLG,4.47,0.786985
TCON,7.53,1.208535
SNOA,8.05,0.589416
EFOI,3.96,1.239681
LGL,10.64,0.837359
BDL,24.12,1.197632
AAME,4,0.727506
KEQU,12.1864,0.551112
CVR,25.42,0.510059
UUU,5.56,0.851124
BELFA,15.35,1.670236
PFIN,6.3,0.654921
INTG,37.84,0.400362
TCI,19.87,1.288305
ARKR,19.08,1.593524
CYAN,3.17,0.137021
UNAM,4.65,0.221208
IKNX,9.71,0.68641
CKX,12.31,0.589558
WVFC,15.8025,0.518342
SMIT,6.06,0.651569
TAIT,4.09,0.614849
JCTCF,10.19,0.876302
MTEX,20.1683,1.582087
LOAN,6.14,1.02063
BBGI,2.78,1.804753
VBFC,43.0501,0.789231
STRR,2.97,1.152246
ONCS,4.85,0.661616
OFED,25.11,0.703555
WHLR,4.29,1.194633
TARA,12.19,1.145678
UFAB,4.23,1.515839
CNFR,3.3,0.867326
CRVS,2.81,0.958101
NBSE,5.71,1.287687
DSS,2.92,0.013107
UONE,5.16,2.216176
CEI,0.7058,1.499193
INPX,1.16,1.065249
MYMD,4.13,1.977156
POAI,1.08,1.337335
VISL,2.56,1.679808
AVGR,1.17,1.281765
NVIV,0.7692,0.848623
PULM,0.995,0.779057
SLS,8.23,0.901342
PHIO,2.33,0.7368
SINT,1.55,0.730172
PSTV,2.42,1.126232
ARMP,4.14,0.610367
SEEL,6.25,1.452412
ONTX,0.7411,0.976714
TMBR,1.51,0.891472
NURO,3.01,1.418199
OPTT,2.58,1.499173
AIKI,0.989,1.001694
YTEN,9.57,0.865083
SONN,2.11,0.474478
CLRB,1.59,1.189656
ATOS,1.77,1.407416
VRDN,18.45,0.29684
MBOT,7.63,0.984737
TTNP,2.52,0.684957
HEPA,1.73,1.026893
XSPA,1.39,2.412241
SNCA,1.58,0.644791
JAGX,1.62,1.212825
ABIO,3.54,1.348847
EYEG,4.43,0.994922
ELDN,10.71,0.406292
ZSAN,0.9162,1.093805
NXTD,0.777,1.1532
CBIO,5.11,1.291109
SEEL,6.25,1.452412
CYCC,6.84,1.307293
XTNT,2.03,0.767621
MDVL,13,0.973633
HTBX,6.82,0.479824
APEN,5.63,0.446365
CTIB,1.85,0.485618
LMFA,1.08,1.110067
JOB,0.6125,1.371076
NBY,0.7999,-0.84204
NETE,10.7,0.678146
CLSN,1.14,1.241386
PNBK,9.75,1.114764
ADXS,0.4839,1.317512
RKDA,2.63,1.170222
SYN,0.5413,1.340866
OGEN,0.8337,0.946891
SLNO,1.19,1.400459
AEMD,1.92,1.145222
BIOC,4.73,0.275934
AIM,2.16,-0.26408
DARE,1.48,1.115494
SLRX,1.22,1.120361
ACHV,10.96,0.803254
MOSY,3.79,1.067006
ACER,2.92,1.917395
QLGN,2.01,-1.08589
TENX,1.86,1.070794
CETX,1.54,1.169275
PED,1.23,0.529862
JAN,7.29,1.169819
CHCI,4.44,0.973564
GWGH,6.87,0.480026
MLND,0.94,0.283876
OCUP,4.765,0.936855
PDSB,5.68,1.307666
RGLS,1.43,0.874269
SYBX,3.74,0.884227
BPTH,6.04,1.201621
ASTC,1.27,2.61925
SVRA,1.98,0.945771
VIRX,8.74,1.179011
HTGM,4.31,0.888218
SVT,7.8932,0.691486
FARM,10.21,1.442695
CULP,14.15,0.624598
FLXS,35.89,0.672145
ARTW,2.85,0.569017
ELSE,4.55,0.941877
BRN,2.22,0.756026
AMS,2.368,1.281487
ENSV,1.35,1.098986
TRT,4.47,0.787066
IOR,12.68,0.665449
PRPH,5.23,0.404201
BBI,0.9305,0.620975
WHLM,6.02,1.126568
XELB,1.56,1.207026
NGS,9.01,0.99969
DGLY,1.73,1.384362
BFIN,10.38,0.955542
OPGN,2.17,-0.32997
CATB,2.25,1.213401
HBB,20.84,1.389811
HOTH,1.53,0.947723
WWR,4.58,1.39801
LIFE,4.03,1.128683
THMO,2.55,1.014984
HSTO,1.02,0.821721
VYNT,3.6,1.615204